scene,split,seq,img_path,t1,t2,t3,q1,q2,q3,q4,est_t1,est_t2,est_t3,est_q1,est_q2,est_q3,est_q4
ShopFacade,train,seq2,ShopFacade/seq2/frame00001.png,-11.664603,-8.199192,1.947634,0.6394890000000001,0.635026,-0.30913,0.303701,-11.85644817352295,-8.347801208496094,1.979247808456421,0.6397979855537415,0.6349906921386719,-0.3087405562400818,0.3035203814506531
ShopFacade,train,seq2,ShopFacade/seq2/frame00002.png,-11.571129,-8.124575,1.927274,0.6396310000000001,0.633421,-0.311817,0.304007,-11.794650077819824,-8.25452709197998,1.967504382133484,0.6398860216140747,0.6334748268127441,-0.3113592863082886,0.3038269877433777
ShopFacade,train,seq2,ShopFacade/seq2/frame00003.png,-11.538824,-8.112645,1.924713,0.6387189999999999,0.633004,-0.312232,0.306358,-11.75522232055664,-8.289387702941895,1.9846974611282349,0.6390706300735474,0.633125901222229,-0.3113384842872619,0.306282103061676
ShopFacade,train,seq2,ShopFacade/seq2/frame00006.png,-10.167713,-8.257541999999999,1.991857,0.633102,0.658194,-0.33641,0.229763,-10.365798950195312,-8.395074844360352,2.021302938461304,0.6323612928390503,0.6589440703392029,-0.3366881608963012,0.2292443960905075
ShopFacade,train,seq2,ShopFacade/seq2/frame00008.png,-9.019933,-8.666772,1.869336,0.643663,0.663484,-0.29008,0.247671,-9.187299728393556,-8.788930892944336,1.914603352546692,0.6439577341079712,0.6644021272659302,-0.2888271808624267,0.2459005415439605
ShopFacade,train,seq2,ShopFacade/seq2/frame00009.png,-8.325061,-8.790656,1.873442,0.6290680000000001,0.657017,-0.322297,0.262159,-8.482149124145508,-8.928728103637695,1.9122321605682373,0.6287354230880737,0.6574938893318176,-0.3221482634544372,0.2619429230690002
ShopFacade,train,seq2,ShopFacade/seq2/frame00011.png,-7.083651,-9.075439,1.867433,0.649007,0.6628,-0.301987,0.219751,-7.204648971557617,-9.218422889709473,1.8960171937942505,0.6486260890960693,0.6628896594047546,-0.3026014864444732,0.2197586447000503
ShopFacade,train,seq2,ShopFacade/seq2/frame00013.png,-5.627983,-9.337562,1.7817630000000002,0.655507,0.667736,-0.28171,0.212316,-5.7106757164001465,-9.492435455322266,1.8130815029144287,0.6553815007209778,0.6679766774177551,-0.2817083895206451,0.2119493335485458
ShopFacade,train,seq2,ShopFacade/seq2/frame00015.png,-3.988494,-9.349111,1.728554,0.651347,0.695494,-0.241986,0.182971,-4.122569561004639,-9.473981857299805,1.733891487121582,0.652006983757019,0.6948736310005188,-0.2425708174705505,0.1822000592947006
ShopFacade,train,seq2,ShopFacade/seq2/frame00017.png,-2.486688,-9.694231,1.7057790000000002,0.677922,0.689801,-0.205462,0.149603,-2.535635232925415,-9.82961368560791,1.7280563116073608,0.6781088709831238,0.6899824738502502,-0.20475535094738,0.1488887965679168
ShopFacade,train,seq2,ShopFacade/seq2/frame00018.png,-1.671369,-9.767439,1.698268,0.684833,0.677071,-0.227987,0.143529,-1.690873622894287,-9.899541854858398,1.715758204460144,0.6848036646842957,0.6773585677146912,-0.2276176214218139,0.1428965032100677
ShopFacade,train,seq2,ShopFacade/seq2/frame00019.png,-0.987356,-9.904027,1.699195,0.685363,0.6984899999999999,-0.174422,0.109385,-1.0663657188415527,-10.044929504394531,1.7362792491912842,0.6857611536979675,0.6984056234359741,-0.1730483919382095,0.1096150353550911
ShopFacade,train,seq2,ShopFacade/seq2/frame00020.png,-0.180835,-9.947739,1.707626,0.691153,0.686189,-0.192843,0.119431,-0.1729598939418792,-10.114801406860352,1.711769700050354,0.6902289986610413,0.6874400973320007,-0.1923643946647644,0.1183465495705604
ShopFacade,train,seq2,ShopFacade/seq2/frame00021.png,0.5633100000000001,-10.04971,1.6834330000000002,0.689333,0.712383,-0.116854,0.060617,0.5573131442070007,-10.245826721191406,1.6874998807907104,0.6897630095481873,0.7122654914855957,-0.1161490827798843,0.058431252837181
ShopFacade,train,seq2,ShopFacade/seq2/frame00022.png,1.312553,-10.068251,1.686563,0.6841619999999999,0.72288,-0.092714,0.02777,1.298168420791626,-10.221551895141602,1.7058851718902588,0.6843158602714539,0.7228317856788635,-0.0923089981079101,0.0265509746968746
ShopFacade,train,seq2,ShopFacade/seq2/frame00023.png,2.04434,-10.190673,1.6647610000000002,0.693013,0.715073,-0.089597,0.019394,2.0604844093322754,-10.356679916381836,1.6770135164260864,0.6929042339324951,0.7153739333152771,-0.0882276445627212,0.0184275545179843
ShopFacade,train,seq2,ShopFacade/seq2/frame00024.png,2.773261,-10.186876,1.643419,0.6885100000000001,0.723839,-0.043662,-0.010204,2.810046434402466,-10.326424598693848,1.6582204103469849,0.6890128254890442,0.7234037518501282,-0.042499728500843,-0.0119228130206465
ShopFacade,train,seq2,ShopFacade/seq2/frame00025.png,3.53954,-10.379131,1.609592,0.6848920000000001,0.721707,0.02053,-0.098181,3.5807595252990723,-10.54640007019043,1.6184848546981812,0.6849634647369385,0.7213580012321472,0.0225735194981098,-0.0997904315590858
ShopFacade,train,seq2,ShopFacade/seq2/frame00026.png,4.250851,-10.194807,1.563036,0.6637,0.739368,0.051512,-0.100917,4.239874362945557,-10.342913627624512,1.568786382675171,0.6634417772293091,0.7392084002494812,0.0540414601564407,-0.1024470478296279
ShopFacade,train,seq2,ShopFacade/seq2/frame00027.png,4.933825,-10.159637,1.574662,0.6848069999999999,0.717003,0.050741,-0.119882,4.968711853027344,-10.310040473937988,1.5831698179244995,0.6847942471504211,0.7165660858154297,0.0528068505227565,-0.121660441160202
ShopFacade,train,seq2,ShopFacade/seq2/frame00028.png,5.644449,-9.965472,1.579954,0.689164,0.715389,0.054588,-0.101454,5.773590564727783,-10.13720417022705,1.5854547023773191,0.6892365217208862,0.7148983478546143,0.0563862845301628,-0.1034119725227356
ShopFacade,train,seq2,ShopFacade/seq2/frame00030.png,7.002099,-9.506314,1.575289,0.683371,0.709529,0.09542,-0.143066,7.145975112915039,-9.651895523071287,1.5991004705429075,0.6832590699195862,0.708943247795105,0.097491018474102,-0.1450932770967483
ShopFacade,train,seq2,ShopFacade/seq2/frame00031.png,7.625992,-9.122956,1.596652,0.6799729999999999,0.7059270000000001,0.106484,-0.16723,7.8000102043151855,-9.23079776763916,1.6107735633850098,0.6795615553855896,0.7055438756942749,0.1086851209402084,-0.1690902858972549
ShopFacade,train,seq2,ShopFacade/seq2/frame00032.png,8.276518,-8.744972,1.590203,0.653634,0.711063,0.155637,-0.207193,8.45502758026123,-8.843520164489746,1.591841459274292,0.6524757146835327,0.7113140225410461,0.1571285426616668,-0.2088501155376434
ShopFacade,train,seq2,ShopFacade/seq2/frame00033.png,8.817048,-8.221924000000001,1.587895,0.650108,0.708256,0.163469,-0.221384,9.010939598083496,-8.310430526733398,1.601668357849121,0.649715781211853,0.7077925205230713,0.1656893193721771,-0.222364991903305
ShopFacade,train,seq2,ShopFacade/seq2/frame00034.png,9.330071,-7.678050999999999,1.560273,0.639938,0.706028,0.188731,-0.237455,9.559507369995115,-7.741779327392578,1.568763017654419,0.639421820640564,0.7057596445083618,0.1901307702064514,-0.2385229468345642
ShopFacade,train,seq2,ShopFacade/seq2/frame00035.png,9.738129,-7.1397710000000005,1.54837,0.639674,0.709244,0.190617,-0.226837,9.927860260009766,-7.233991622924805,1.5549349784851074,0.6392814517021179,0.7087592482566833,0.1920562088489532,-0.2282411903142929
ShopFacade,train,seq2,ShopFacade/seq2/frame00036.png,-5.1226660000000015,-5.459624,-0.334044,0.460209,-0.828325,0.109446,0.300178,-5.285133361816406,-5.625257968902588,-0.3614808619022369,0.4597049653530121,-0.8288587927818298,0.1099627837538719,0.2992867827415466
ShopFacade,train,seq2,ShopFacade/seq2/frame00037.png,10.330683,-6.151676999999999,1.560209,0.603386,0.701588,0.237645,-0.295339,10.53721523284912,-6.241310119628906,1.563331961631775,0.6030796766281128,0.7003579139709473,0.2407763749361038,-0.2963450849056244
ShopFacade,train,seq2,ShopFacade/seq2/frame00038.png,10.226756,-5.5682160000000005,1.50925,0.627929,0.716018,0.203977,-0.226753,10.41347599029541,-5.676385402679443,1.524167776107788,0.6273625493049622,0.7161061763763428,0.20503531396389,-0.227087527513504
ShopFacade,train,seq2,ShopFacade/seq2/frame00039.png,9.866356,-5.326474,1.531824,0.649525,0.707758,0.203775,-0.188871,10.063773155212402,-5.387163639068604,1.54813551902771,0.6489325165748596,0.7075957655906677,0.2046886831521988,-0.1905183792114257
ShopFacade,train,seq2,ShopFacade/seq2/frame00040.png,9.308573,-5.294928,1.561339,0.663061,0.698126,0.181715,-0.199875,9.473966598510742,-5.359428405761719,1.564178228378296,0.6622447371482849,0.6980186104774475,0.183397114276886,-0.2014134675264358
ShopFacade,train,seq2,ShopFacade/seq2/frame00041.png,8.612119,-5.203787,1.588612,0.68029,0.671971,0.208916,-0.204976,8.76839828491211,-5.332779407501221,1.5884361267089844,0.6795637607574463,0.6717503070831299,0.2108805030584335,-0.2060921043157577
ShopFacade,train,seq2,ShopFacade/seq2/frame00042.png,7.927693,-5.257683999999999,1.607108,0.675487,0.6752859999999999,0.227293,-0.189851,8.103562355041504,-5.389162540435791,1.6534608602523804,0.6740979552268982,0.6752411127090454,0.2297280132770538,-0.1920062452554702
ShopFacade,train,seq2,ShopFacade/seq2/frame00043.png,-3.541003,-3.20741,2.198234,0.4103100000000001,-0.785844,0.087077,0.454437,-3.592830181121826,-3.2885186672210693,2.235539436340332,0.4085374474525451,-0.7871809601783752,0.0872125774621963,0.4536928534507751
ShopFacade,train,seq2,ShopFacade/seq2/frame00044.png,6.495789,-5.216931,1.625011,0.733103,0.64567,0.156193,-0.145859,6.62269401550293,-5.284129142761231,1.6326178312301636,0.7332937121391296,0.6446629166603088,0.1578389406204223,-0.1475701481103897
ShopFacade,train,seq2,ShopFacade/seq2/frame00045.png,5.77556,-5.221096,1.664916,0.727222,0.663691,0.109771,-0.136428,5.899904251098633,-5.268679618835449,1.6726528406143188,0.7279941439628601,0.6624431610107422,0.1113026961684227,-0.1371324360370636
ShopFacade,train,seq2,ShopFacade/seq2/frame00047.png,4.247172,-5.185575,1.661709,0.729125,0.675497,0.078982,-0.076433,4.30087423324585,-5.237853050231934,1.685746669769287,0.729546844959259,0.6748814582824707,0.0790886655449867,-0.0777264758944511
ShopFacade,train,seq2,ShopFacade/seq2/frame00048.png,3.4514720000000003,-5.133945,1.674498,0.733481,0.66809,0.092187,-0.084636,3.5356247425079346,-5.206611633300781,1.710964560508728,0.7344554662704468,0.6667670011520386,0.0921959206461906,-0.0865843370556831
ShopFacade,train,seq2,ShopFacade/seq2/frame00049.png,2.691035,-4.944397,1.704916,0.720544,0.6908449999999999,0.03769,-0.04615,2.716054677963257,-5.034505844116211,1.7179222106933594,0.721890926361084,0.6893381476402283,0.0379210487008094,-0.0474183671176433
ShopFacade,train,seq2,ShopFacade/seq2/frame00050.png,1.978865,-4.768989,1.71667,0.729014,0.6834319999999999,0.037585,-0.006806,2.0324690341949463,-4.8321638107299805,1.7510305643081665,0.7298192977905273,0.6825469136238098,0.0379514060914516,-0.0072979470714926
ShopFacade,train,seq2,ShopFacade/seq2/frame00055.png,-1.333611,-3.03257,1.78552,0.6361640000000001,0.636961,-0.286389,0.327958,-1.317317008972168,-3.0809359550476074,1.812632918357849,0.6363397836685181,0.637146532535553,-0.2862474620342254,0.3273811936378479
ShopFacade,train,seq2,ShopFacade/seq2/frame00056.png,-1.946737,-2.554118,1.777569,0.6497350000000001,0.648768,-0.263105,0.296175,-1.9929041862487795,-2.589316844940185,1.793000102043152,0.6507328748703003,0.6478519439697266,-0.2634624242782593,0.2956722378730774
ShopFacade,train,seq2,ShopFacade/seq2/frame00057.png,-2.56983,-2.083944,1.771941,0.6259939999999999,0.633134,-0.301341,0.341272,-2.616694450378418,-2.142578601837158,1.788217067718506,0.6266302466392517,0.6332334280014038,-0.3006834685802459,0.340498685836792
ShopFacade,train,seq2,ShopFacade/seq2/frame00058.png,-3.086691,-1.493452,1.736323,0.618302,0.6189680000000001,-0.326578,0.357671,-3.113518714904785,-1.4883520603179932,1.7646994590759275,0.6184185147285461,0.619204580783844,-0.3262011706829071,0.3574032187461853
ShopFacade,train,seq2,ShopFacade/seq2/frame00059.png,-3.694854,-0.929666,1.730855,0.616375,0.599435,-0.32431,0.394439,-3.725751399993897,-0.9023228287696838,1.7652205228805542,0.6176576018333435,0.6000194549560547,-0.3235976994037628,0.3921228349208832
ShopFacade,train,seq2,ShopFacade/seq2/frame00060.png,-4.029592,-0.239856,1.712307,0.564992,0.596479,-0.375796,0.428689,-4.064145088195801,-0.2147189080715179,1.7476452589035034,0.5664977431297302,0.5962668061256409,-0.3747192025184631,0.4279389381408691
ShopFacade,train,seq2,ShopFacade/seq2/frame00061.png,-4.42033,0.465184,1.7345830000000002,0.583475,0.548462,-0.389229,0.455243,-4.485241889953613,0.4623429477214813,1.748509645462036,0.5843533873558044,0.5484171509742737,-0.3886958658695221,0.4546265602111816
ShopFacade,train,seq2,ShopFacade/seq2/frame00062.png,-4.648634,1.188964,1.718106,0.533455,0.548409,-0.423616,0.4849979999999999,-4.733146190643311,1.165949463844299,1.7438663244247437,0.5333159565925598,0.5488928556442261,-0.4236897230148315,0.4845387935638428
ShopFacade,train,seq2,ShopFacade/seq2/frame00065.png,-5.386792,3.536114,1.77112,0.514442,0.516962,-0.440283,0.52369,-5.44735050201416,3.489521026611328,1.7843916416168213,0.5148830413818359,0.5177276730537415,-0.4392285346984863,0.5233849883079529
ShopFacade,train,seq2,ShopFacade/seq2/frame00066.png,-5.654401999999998,4.225546,1.749571,0.472339,0.506262,-0.465006,0.5516909999999999,-5.734460353851318,4.229652404785156,1.771626114845276,0.4723809361457824,0.5059602856636047,-0.4651207029819488,0.5518362522125244
ShopFacade,train,seq2,ShopFacade/seq2/frame00070.png,-6.088437,7.490436,1.757326,0.421929,0.459517,-0.510125,0.592108,-6.14401912689209,7.565868854522705,1.7694814205169678,0.422382652759552,0.460088849067688,-0.5092082023620605,0.5921303629875183
ShopFacade,train,seq2,ShopFacade/seq2/frame00071.png,-6.100262,8.164749,1.739709,0.419132,0.448208,-0.5227539999999999,0.5917479999999999,-6.166746616363525,8.231012344360352,1.7590407133102417,0.4194029569625854,0.4484501183032989,-0.5225381851196289,0.5915635824203491
ShopFacade,train,seq2,ShopFacade/seq2/frame00072.png,-6.138024,8.941007,1.788611,0.400601,0.459373,-0.5634939999999999,0.557646,-6.215310096740723,9.002422332763672,1.807761788368225,0.3986475169658661,0.4591021537780761,-0.564936101436615,0.5578106045722961
ShopFacade,train,seq2,ShopFacade/seq2/frame00075.png,-6.099874,11.169496,1.605286,0.337739,0.416855,-0.580465,0.612556,-6.163132190704346,11.37070655822754,1.6377038955688477,0.3359023332595825,0.4160818755626678,-0.5815114974975586,0.6130985021591187
ShopFacade,train,seq2,ShopFacade/seq2/frame00076.png,-5.95478,11.99505,1.729774,0.322634,0.396903,-0.5801310000000001,0.633895,-6.004800319671631,12.179903984069824,1.7398135662078855,0.3219617903232574,0.3972062170505523,-0.580718994140625,0.6335086822509766
ShopFacade,train,seq2,ShopFacade/seq2/frame00077.png,-6.003867,12.633731,1.700043,0.313813,0.41461,-0.59331,0.614494,-6.053205490112305,12.82206916809082,1.7102491855621338,0.3120414018630981,0.4139714241027832,-0.5941817164421082,0.6149844527244568
ShopFacade,train,seq2,ShopFacade/seq2/frame00078.png,-5.87977,13.268714,1.765259,0.257032,0.361082,-0.630965,0.63674,-5.969088077545166,13.418573379516602,1.7468328475952148,0.2547167837619781,0.3600570261478424,-0.6317914724349976,0.637430727481842
ShopFacade,train,seq2,ShopFacade/seq2/frame00079.png,-5.928128,13.981828,1.715197,0.241428,0.328699,-0.639407,0.651788,-5.947316646575928,14.12375545501709,1.7327171564102173,0.2395731657743454,0.3269576132297516,-0.6406628489494324,0.6521154642105103
ShopFacade,train,seq2,ShopFacade/seq2/frame00080.png,-5.719398,14.70199,1.777537,0.267977,0.332045,-0.62415,0.654501,-5.773852825164795,14.834983825683594,1.7878670692443848,0.2669527530670166,0.3308774530887604,-0.6248124241828918,0.6548784971237183
ShopFacade,train,seq2,ShopFacade/seq2/frame00081.png,-5.568894,15.393207,1.784776,0.230885,0.314868,-0.624396,0.67652,-5.605936050415039,15.571348190307615,1.792764663696289,0.2296136170625686,0.3131732940673828,-0.6257883906364441,0.676453173160553
ShopFacade,train,seq2,ShopFacade/seq2/frame00082.png,-5.235935,15.913972,1.791921,0.196361,0.259737,-0.6511899999999999,0.685515,-5.276304244995117,16.1077823638916,1.811476469039917,0.1943280547857284,0.2577691674232483,-0.6523411273956299,0.6857424378395081
ShopFacade,train,seq2,ShopFacade/seq2/frame00083.png,-4.919282,16.502224,1.7472279999999998,0.161676,0.219337,-0.6669649999999999,0.693476,-4.9362969398498535,16.67033576965332,1.7691015005111694,0.160746619105339,0.2180400341749191,-0.6672312617301941,0.6938454508781433
ShopFacade,train,seq2,ShopFacade/seq2/frame00084.png,-4.525934,16.946718,1.759915,0.157512,0.180479,-0.679157,0.693804,-4.516341686248779,17.150022506713867,1.787893772125244,0.1561196595430374,0.179064467549324,-0.6790420413017273,0.694596529006958
ShopFacade,train,seq2,ShopFacade/seq2/frame00085.png,-4.244145,17.231065,1.846894,0.16632,0.165421,-0.688164,0.686589,-4.248546600341797,17.43126678466797,1.863835334777832,0.1646736562252044,0.1637724190950393,-0.6884012222290039,0.6871426105499268
ShopFacade,train,seq2,ShopFacade/seq2/frame00086.png,-4.041933,17.42446,1.846404,0.154464,0.1250119999999999,-0.702018,0.683874,-4.039947032928467,17.604045867919922,1.8602986335754397,0.1508363783359527,0.1210512593388557,-0.7024644613265991,0.6849369406700134
ShopFacade,train,seq2,ShopFacade/seq2/frame00087.png,-4.108819,17.414077,1.84372,0.195653,0.178972,-0.682447,0.681143,-4.116131782531738,17.6356201171875,1.857008457183838,0.1942063570022583,0.17774698138237,-0.682427167892456,0.6818966865539551
ShopFacade,train,seq2,ShopFacade/seq2/frame00088.png,-4.272024,17.258266,1.860382,0.203359,0.200803,-0.688948,0.666089,-4.273740768432617,17.46393394470215,1.8705897331237795,0.2030296325683593,0.2005057036876678,-0.6886395215988159,0.6665973663330078
ShopFacade,train,seq2,ShopFacade/seq2/frame00089.png,-4.256986,16.819801000000002,1.884014,0.196919,0.199323,-0.6806260000000001,0.676936,-4.273242950439453,17.011146545410156,1.896010160446167,0.1962434649467468,0.1988042145967483,-0.6803305745124817,0.677580714225769
ShopFacade,train,seq2,ShopFacade/seq2/frame00090.png,-4.278925,16.374083,1.843343,0.208038,0.184616,-0.690077,0.668155,-4.2817559242248535,16.565614700317383,1.864116907119751,0.2081743478775024,0.1837762743234634,-0.6896698474884033,0.6687639355659485
ShopFacade,train,seq2,ShopFacade/seq2/frame00092.png,-4.216316,15.156404,1.853402,0.225864,0.195208,-0.686419,0.663105,-4.221406936645508,15.35379695892334,1.8750818967819212,0.2255551069974899,0.1946732401847839,-0.6860241889953613,0.6637755632400513
ShopFacade,train,seq2,ShopFacade/seq2/frame00093.png,-4.281184,14.538761,1.858831,0.227726,0.205744,-0.683154,0.662654,-4.32775354385376,14.754372596740724,1.8815340995788572,0.2270417362451553,0.2051783949136734,-0.6825785040855408,0.6636569499969482
ShopFacade,train,seq2,ShopFacade/seq2/frame00094.png,-4.259221,13.929587,1.838765,0.222567,0.212724,-0.678815,0.666651,-4.282389163970947,14.10007381439209,1.855149269104004,0.2214993834495544,0.2115092724561691,-0.6789482831954956,0.6672564148902893
ShopFacade,train,seq2,ShopFacade/seq2/frame00095.png,-4.361398,13.328298,1.8176,0.23902,0.193245,-0.675121,0.670624,-4.384664535522461,13.488518714904783,1.8334875106811523,0.2381289303302765,0.1930951923131942,-0.6752331256866455,0.6708718538284302
ShopFacade,train,seq2,ShopFacade/seq2/frame00096.png,-4.395268,12.703411,1.813193,0.245748,0.237294,-0.670743,0.658334,-4.423221588134766,12.848751068115234,1.849764704704285,0.2455732077360153,0.2351756244897842,-0.6712272763252258,0.6586655378341675
ShopFacade,train,seq2,ShopFacade/seq2/frame00097.png,-4.375317,12.062987,1.847182,0.261043,0.236125,-0.669945,0.653663,-4.409481048583984,12.233087539672852,1.8473610877990725,0.2608242034912109,0.2352530509233474,-0.6701434254646301,0.6538612842559814
ShopFacade,train,seq2,ShopFacade/seq2/frame00099.png,-4.523663,10.787994,1.866437,0.252738,0.234656,-0.6937270000000001,0.6323,-4.5320305824279785,10.930132865905762,1.8854939937591555,0.2518081367015838,0.2336339652538299,-0.693717896938324,0.6330587863922119
ShopFacade,train,seq2,ShopFacade/seq2/frame00100.png,-4.821102,10.139854,1.847898,0.256847,0.233166,-0.683609,0.642138,-4.831057548522949,10.236366271972656,1.8654556274414065,0.2553716897964477,0.2309007942676544,-0.6837359070777893,0.6434091925621033
ShopFacade,train,seq2,ShopFacade/seq2/frame00102.png,-5.194922,8.699517,1.700812,0.250855,0.239864,-0.680955,0.644854,-5.239761829376221,8.74516773223877,1.721585392951965,0.2496990263462066,0.2386978268623352,-0.6814687252044678,0.6451931595802307
ShopFacade,train,seq2,ShopFacade/seq2/frame00103.png,-5.350353,8.038461,1.730668,0.27198,0.284766,-0.658223,0.641622,-5.398216247558594,8.100082397460938,1.7317832708358765,0.2707584500312805,0.2832172214984894,-0.6591960191726685,0.6418243050575256
ShopFacade,train,seq2,ShopFacade/seq2/frame00105.png,-5.462833,6.603542999999998,1.6666169999999998,0.321326,0.300265,-0.644422,0.625548,-5.508281230926514,6.630423545837402,1.6826711893081665,0.3203703165054321,0.2986764311790466,-0.6450492143630981,0.6261523962020874
ShopFacade,train,seq2,ShopFacade/seq2/frame00106.png,-5.452337,5.850613,1.676036,0.354342,0.324042,-0.6228520000000001,0.6176520000000001,-5.504615783691406,5.881030559539795,1.7055596113204956,0.3540492057800293,0.3231610655784607,-0.6231767535209656,0.6179537177085876
ShopFacade,train,seq2,ShopFacade/seq2/frame00107.png,-5.501428,5.132852,1.7542919999999995,0.396159,0.371507,-0.605301,0.5819380000000001,-5.576038837432861,5.182623863220215,1.764909744262695,0.3945674896240234,0.3698769211769104,-0.6062235832214355,0.5830956101417542
ShopFacade,train,seq2,ShopFacade/seq2/frame00109.png,-5.648276999999998,3.696844,1.72167,0.460894,0.438597,-0.5508609999999999,0.540149,-5.692079067230225,3.749166250228882,1.7543870210647583,0.4604717195034027,0.4377270340919494,-0.5507166385650635,0.5413612127304077
ShopFacade,train,seq2,ShopFacade/seq2/frame00112.png,-5.689464,1.460177,1.735553,0.521196,0.493862,-0.5071979999999999,0.47666,-5.74941873550415,1.4708666801452637,1.7583367824554443,0.5211129784584045,0.4934735000133514,-0.5071340799331665,0.4772213399410248
ShopFacade,train,seq2,ShopFacade/seq2/frame00113.png,-5.759217,0.652075,1.7379950000000002,0.555645,0.516832,-0.4744,0.446193,-5.863663673400879,0.6717607975006104,1.7773433923721311,0.5546966195106506,0.5157241821289062,-0.4758262932300567,0.4471348226070404
ShopFacade,train,seq2,ShopFacade/seq2/frame00114.png,-5.68795,-0.061725,1.736973,0.576699,0.5336350000000001,-0.460411,0.4131260000000001,-5.773720741271973,-0.0524670630693435,1.7537550926208496,0.5758920311927795,0.5317903161048889,-0.4622518718242645,0.4145728647708893
ShopFacade,train,seq2,ShopFacade/seq2/frame00115.png,-5.725836,-0.80855,1.717295,0.592079,0.543879,-0.433964,0.406588,-5.817088603973389,-0.8296573758125305,1.7522398233413696,0.5915425419807434,0.5426440238952637,-0.4357464909553528,0.4071116149425506
ShopFacade,train,seq2,ShopFacade/seq2/frame00117.png,-5.493448,-2.234548,1.782833,0.634263,0.584442,-0.383708,0.330009,-5.545359611511231,-2.283345460891724,1.816683053970337,0.634762167930603,0.5848261713981628,-0.3833853006362915,0.3287416100502014
ShopFacade,train,seq2,ShopFacade/seq2/frame00118.png,-5.44272,-3.016936,1.828574,0.643992,0.607891,-0.360729,0.292606,-5.4928131103515625,-3.078779697418213,1.8517396450042725,0.6445044875144958,0.6080502867698669,-0.3608671426773071,0.2909701466560364
ShopFacade,train,seq2,ShopFacade/seq2/frame00119.png,-5.147705,-3.699623,1.860379,0.6499060000000001,0.621239,-0.337195,0.279255,-5.205623149871826,-3.778578519821167,1.8943597078323364,0.6500640511512756,0.6216028928756714,-0.3374915719032287,0.2777156829833984
ShopFacade,train,seq2,ShopFacade/seq2/frame00120.png,-5.034016,-4.493431,1.853707,0.650055,0.621967,-0.338909,0.275184,-5.0966339111328125,-4.619120597839356,1.8901844024658203,0.6504417657852173,0.6223439574241638,-0.3388845026493072,0.2734426259994507
ShopFacade,train,seq2,ShopFacade/seq2/frame00122.png,-4.770333,-6.061088,1.823546,0.680053,0.630572,-0.297495,0.226724,-4.826587677001953,-6.191688537597656,1.8417800664901731,0.6808447241783142,0.6306279897689819,-0.2974176108837127,0.2242800891399383
ShopFacade,train,seq2,ShopFacade/seq2/frame00124.png,-4.328037,-7.579946,1.82047,0.70312,0.636051,-0.265054,0.175521,-4.367375373840332,-7.7030930519104,1.8486558198928835,0.7041725516319275,0.6357060074806213,-0.2642506062984466,0.1737540662288665
ShopFacade,train,seq2,ShopFacade/seq2/frame00125.png,-4.161819,-8.327572,1.792255,0.701446,0.6637770000000001,-0.222663,0.133394,-4.216181755065918,-8.45664119720459,1.8158833980560305,0.7017502188682556,0.663485586643219,-0.2228158414363861,0.1329913586378097
ShopFacade,train,seq2,ShopFacade/seq2/frame00126.png,-3.994923,-9.0473,1.842031,0.709817,0.661311,-0.206052,0.127944,-4.051721572875977,-9.187556266784668,1.8645641803741453,0.7100845575332642,0.6611450910568237,-0.2060686647891998,0.1272900551557541
ShopFacade,train,seq2,ShopFacade/seq2/frame00128.png,-3.574997,-10.484119,1.798585,0.701926,0.69298,-0.155302,0.054395,-3.614034652709961,-10.704010009765623,1.8278417587280276,0.7019128203392029,0.6930248141288757,-0.156014084815979,0.0519093386828899
ShopFacade,train,seq2,ShopFacade/seq2/frame00129.png,-3.242547,-11.162516,1.811697,0.695256,0.6987680000000001,-0.16289,0.042535,-3.269704341888428,-11.352983474731444,1.826900601387024,0.6953881978988647,0.6990469694137573,-0.1615907996892929,0.0407061502337455
ShopFacade,train,seq2,ShopFacade/seq2/frame00131.png,-2.210332,-12.230947,1.846166,0.702174,0.6918270000000001,-0.163579,0.03962,-2.2210733890533447,-12.483863830566406,1.867120623588562,0.7022362947463989,0.6919101476669312,-0.1633060723543167,0.0381526947021484
ShopFacade,train,seq2,ShopFacade/seq2/frame00132.png,-1.586775,-12.706724,1.865754,0.709125,0.686357,-0.159444,0.025162,-1.5591485500335691,-13.028498649597168,1.900036334991455,0.7081244587898254,0.6878540515899658,-0.1574912220239639,0.0247602351009845
ShopFacade,train,seq2,ShopFacade/seq2/frame00133.png,-0.997247,-13.139592000000002,1.884191,0.706508,0.695787,-0.128828,0.011449,-1.027168869972229,-13.45814037322998,1.9150958061218264,0.7067861557006836,0.6956696510314941,-0.1280286163091659,0.010281354188919
ShopFacade,train,seq2,ShopFacade/seq2/frame00134.png,-0.495292,-13.431373,1.852641,0.712002,0.69109,-0.122123,0.023094,-0.4924242198467254,-13.746809005737305,1.8896719217300413,0.7121868133544922,0.6910643577575684,-0.1214264184236526,0.0218084212392568
ShopFacade,train,seq2,ShopFacade/seq2/frame00135.png,0.204304,-13.847209,1.850355,0.7087640000000001,0.695599,-0.117389,0.003967,0.2143196761608123,-14.172097206115724,1.9066208600997925,0.7084615230560303,0.6959589719772339,-0.1171168535947799,0.0026320016477257
ShopFacade,train,seq2,ShopFacade/seq2/frame00136.png,0.715934,-13.933299,1.814546,0.7047899999999999,0.7031689999999999,-0.092184,-0.018074,0.7273694276809692,-14.266427993774414,1.8612785339355469,0.7050202488899231,0.7030482292175293,-0.0911282002925872,-0.0191139001399278
ShopFacade,train,seq2,ShopFacade/seq2/frame00138.png,1.610543,-13.84092,1.735329,0.702669,0.7087060000000001,0.01306,-0.06182,1.6712908744812012,-14.218461990356444,1.7933076620101929,0.7029271721839905,0.7083159685134888,0.0144629450514912,-0.0630294531583786
ShopFacade,train,seq2,ShopFacade/seq2/frame00141.png,1.186577,-11.995704,1.731091,0.695425,0.71837,0.014952,-0.010264,1.2182971239089966,-12.204033851623535,1.746748447418213,0.6958751678466797,0.7178712487220764,0.0164508987218141,-0.012166790664196
ShopFacade,train,seq2,ShopFacade/seq2/frame00144.png,-0.569555,-10.362099,1.7450869999999998,0.7191569999999999,0.667079,-0.138088,0.136934,-0.5379747748374939,-10.565502166748049,1.768895387649536,0.7196944355964661,0.6673816442489624,-0.1362201869487762,0.1344830393791198
ShopFacade,train,seq2,ShopFacade/seq2/frame00145.png,-1.319613,-9.838111,1.6957330000000002,0.713242,0.646763,-0.18443,0.197403,-1.3373353481292725,-10.05984592437744,1.7281577587127686,0.7140868902206421,0.6465972661972046,-0.1837729662656784,0.1954979598522186
ShopFacade,train,seq2,ShopFacade/seq2/frame00146.png,-1.811064,-9.015726,1.6623900000000005,0.698601,0.640051,-0.234013,0.218014,-1.8359792232513428,-9.204164505004885,1.688555121421814,0.698697030544281,0.6410449743270874,-0.2320684641599655,0.2168592363595962
ShopFacade,train,seq2,ShopFacade/seq2/frame00147.png,-2.54868,-8.460766,1.731382,0.6755720000000001,0.64108,-0.250886,0.263961,-2.614911794662476,-8.617754936218262,1.7395036220550537,0.6757968664169312,0.6414213180541992,-0.2501657009124756,0.2632381916046142
ShopFacade,train,seq2,ShopFacade/seq2/frame00148.png,-3.023834,-7.72576,1.737599,0.6402329999999999,0.640358,-0.295432,0.304571,-3.0667076110839844,-7.828592777252197,1.7582253217697144,0.640285849571228,0.6397636532783508,-0.2961924970149994,0.3049697279930115
ShopFacade,train,seq2,ShopFacade/seq2/frame00149.png,-3.703773,-7.140175999999999,1.7759330000000002,0.654702,0.617801,-0.292498,0.322693,-3.757789850234986,-7.29653263092041,1.7960342168807983,0.6546486020088196,0.6180835366249084,-0.2931242883205414,0.3216923773288727
ShopFacade,train,seq2,ShopFacade/seq2/frame00150.png,-4.215034999999999,-6.498385,1.788368,0.639687,0.621265,-0.317266,0.322759,-4.285443305969238,-6.628028869628906,1.809423565864563,0.639557421207428,0.6209275722503662,-0.3178504109382629,0.3230886161327362
ShopFacade,train,seq2,ShopFacade/seq2/frame00152.png,-5.389339,-5.243788,1.793859,0.641768,0.598124,-0.329105,0.349388,-5.483657836914063,-5.375652313232422,1.8397823572158811,0.641498863697052,0.5981835126876831,-0.3301171958446502,0.3488242924213409
ShopFacade,train,seq2,ShopFacade/seq2/frame00153.png,-6.064936,-4.608887999999999,1.779332,0.6390359999999999,0.598111,-0.320461,0.362216,-6.1550493240356445,-4.705427169799805,1.8207368850708008,0.6387534141540527,0.5981557369232178,-0.3213343322277069,0.3618674874305725
ShopFacade,train,seq2,ShopFacade/seq2/frame00154.png,-6.564058,-4.015258,1.822987,0.6270399999999999,0.604066,-0.323936,0.370121,-6.624887943267822,-4.096324920654297,1.8612233400344849,0.6269098520278931,0.6038589477539062,-0.3243660926818847,0.3703041076660156
ShopFacade,train,seq2,ShopFacade/seq2/frame00155.png,-7.11937,-3.327144,1.822088,0.6268560000000001,0.597427,-0.3302,0.375634,-7.196205139160156,-3.365921258926392,1.850313186645508,0.6267158389091492,0.5969555377960205,-0.3303703963756561,0.3764661252498626
ShopFacade,train,seq2,ShopFacade/seq2/frame00157.png,-7.911771000000001,-2.072146,1.852263,0.564299,0.563751,-0.406892,0.445186,-8.014653205871582,-2.085606098175049,1.880412459373474,0.5642305612564087,0.5632467269897461,-0.4079291820526123,0.4449616074562073
ShopFacade,train,seq2,ShopFacade/seq2/frame00159.png,-8.912894999999997,-0.740636,1.856318,0.5624,0.559133,-0.392116,0.4661770000000001,-9.019031524658203,-0.7611863613128662,1.88236939907074,0.5626481771469116,0.5592741966247559,-0.3923581838607788,0.4655046463012695
ShopFacade,train,seq2,ShopFacade/seq2/frame00160.png,-9.454392,-0.106743,1.877725,0.563539,0.562345,-0.395771,0.457774,-9.60149097442627,-0.1133963838219642,1.899877667427063,0.5633173584938049,0.5616948008537292,-0.3967724442481994,0.4579783380031585
ShopFacade,train,seq2,ShopFacade/seq2/frame00161.png,-9.892956,0.526252,1.819819,0.578087,0.563158,-0.393672,0.440103,-10.067421913146973,0.5517767667770386,1.8517972230911253,0.5782931447029114,0.5623441338539124,-0.3942046761512756,0.440396249294281
ShopFacade,train,seq2,ShopFacade/seq2/frame00162.png,-10.325123,1.140654,1.875053,0.54672,0.526939,-0.426317,0.491616,-10.541481018066406,1.2066527605056765,1.8836023807525637,0.5465953946113586,0.5263720750808716,-0.4269741475582123,0.4917915761470794
ShopFacade,train,seq2,ShopFacade/seq2/frame00164.png,-11.086072,2.608641,1.879094,0.532288,0.532465,-0.422865,0.504316,-11.183490753173828,2.566915988922119,1.898432374000549,0.5343225598335266,0.534442126750946,-0.4205670952796936,0.5019904375076294
ShopFacade,train,seq2,ShopFacade/seq2/frame00166.png,-11.589746,3.989499,1.7851169999999998,0.49218,0.4735430000000001,-0.484656,0.546466,-11.724138259887695,4.032791614532471,1.80933141708374,0.492298811674118,0.4727338254451751,-0.4846189618110657,0.5470914840698242
ShopFacade,train,seq2,ShopFacade/seq2/frame00167.png,-11.485007,4.821822,1.844184,0.467201,0.452297,-0.50752,0.5653090000000001,-11.593144416809082,4.876140117645264,1.7752060890197754,0.4670558571815491,0.4520263671875,-0.5071843266487122,0.5659462213516235
ShopFacade,train,seq2,ShopFacade/seq2/frame00169.png,-11.169055,6.120239,1.714486,0.414578,0.403636,-0.54277,0.608773,-11.317946434020996,6.150346279144287,1.7296228408813477,0.4138763844966888,0.4026209115982055,-0.5433685779571533,0.6093876957893372
ShopFacade,train,seq2,ShopFacade/seq2/frame00171.png,-10.424402,7.496111,1.763729,0.37738,0.357676,-0.547668,0.655524,-10.560627937316896,7.534626483917236,1.771675705909729,0.3771325051784515,0.3564308285713196,-0.5481873750686646,0.6559106111526489
ShopFacade,train,seq2,ShopFacade/seq2/frame00172.png,-9.962445,8.120311000000001,1.738996,0.373193,0.344992,-0.5529850000000001,0.660238,-10.088821411132812,8.176725387573242,1.7498133182525637,0.3730668425559997,0.3443778157234192,-0.5528167486190796,0.660771369934082
ShopFacade,train,seq2,ShopFacade/seq2/frame00173.png,-9.651668,8.797229,1.619726,0.344412,0.330451,-0.561656,0.675814,-9.779459953308104,8.841105461120605,1.637312650680542,0.3441159725189209,0.3296079933643341,-0.5621588826179504,0.6759586334228516
ShopFacade,train,seq2,ShopFacade/seq2/frame00174.png,-9.056567,9.532538,1.630133,0.370373,0.35143,-0.547752,0.6627890000000001,-9.164666175842283,9.594959259033203,1.6464630365371704,0.3695387244224548,0.3502313792705536,-0.5479028820991516,0.663763165473938
ShopFacade,train,seq2,ShopFacade/seq2/frame00179.png,-7.685778999999999,13.181154,1.697555,0.326759,0.28831,-0.595826,0.674609,-7.794125556945801,13.29998016357422,1.6999799013137815,0.3258378207683563,0.2865857481956482,-0.5963868498802185,0.6752933263778687
ShopFacade,train,seq2,ShopFacade/seq2/frame00180.png,-7.451647,13.965758,1.6445439999999998,0.323164,0.324505,-0.586477,0.6680619999999999,-7.531535625457764,14.116857528686523,1.670000076293945,0.3225613534450531,0.3232721984386444,-0.5874014496803284,0.6681382656097412
ShopFacade,train,seq2,ShopFacade/seq2/frame00181.png,-7.483525999999999,14.91151,1.702725,0.371898,0.329773,-0.561581,0.6614899999999999,-7.572454929351807,15.117424011230469,1.7075538635253906,0.3698585927486419,0.3287297785282135,-0.5627259612083435,0.6621789336204529
ShopFacade,train,seq2,ShopFacade/seq2/frame00183.png,-7.3099630000000015,16.533336,1.681577,0.363611,0.298293,-0.5796680000000001,0.665427,-7.402950286865234,16.7940731048584,1.7226017713546753,0.3616625964641571,0.2959048449993133,-0.5808337926864624,0.6665377616882324
ShopFacade,train,seq2,ShopFacade/seq2/frame00185.png,-7.44045,18.032106,1.706797,0.412454,0.328497,-0.563265,0.636163,-7.492645740509033,18.347604751586918,1.7249679565429688,0.4102499783039093,0.3260835111141205,-0.5639630556106567,0.6382085680961609
ShopFacade,train,seq2,ShopFacade/seq2/frame00186.png,-7.640244999999998,18.71565,1.899231,0.336262,0.311616,-0.604632,0.651339,-7.748330593109131,19.023588180541992,1.914293646812439,0.3361309170722961,0.3099201917648315,-0.6050537824630737,0.6518247127532959
ShopFacade,train,seq2,ShopFacade/seq2/frame00189.png,-8.349155999999999,20.250577,1.875939,0.182816,0.180983,-0.675971,0.69057,-8.46581745147705,20.57581329345703,1.8869874477386477,0.1811183393001556,0.1791122406721115,-0.6759291887283325,0.6915451288223267
ShopFacade,train,seq2,ShopFacade/seq2/frame00190.png,-8.681493,20.839517,1.711067,0.154018,0.185613,-0.666858,0.705072,-8.801691055297852,21.18009757995605,1.7821049690246582,0.1514657884836197,0.1827413290739059,-0.6673488616943359,0.7059101462364197
ShopFacade,train,seq2,ShopFacade/seq2/frame00192.png,-8.883655000000003,21.515125,1.755164,0.186295,0.213823,-0.696842,0.658775,-9.00578784942627,21.814611434936523,1.766461968421936,0.1855809688568115,0.2132909893989563,-0.6972843408584595,0.6586814522743225
ShopFacade,train,seq2,ShopFacade/seq2/frame00193.png,-8.506847,21.822486,1.7540490000000002,0.221182,0.225158,-0.712651,0.626506,-8.632719039916992,22.133678436279297,1.7535715103149414,0.2202133387327194,0.2229692637920379,-0.7133158445358276,0.6268742084503174
ShopFacade,train,seq2,ShopFacade/seq2/frame00194.png,-7.9551,21.858954,1.791461,0.229879,0.208082,-0.706498,0.636175,-8.049647331237793,22.184083938598636,1.7949211597442627,0.2297502905130386,0.2073448449373245,-0.707112193107605,0.6357793211936951
ShopFacade,train,seq2,ShopFacade/seq2/frame00195.png,-7.279255,21.862726,1.7963220000000002,0.222736,0.197977,-0.705515,0.642995,-7.344050884246826,22.14630889892578,1.80174720287323,0.2225673049688339,0.197251871228218,-0.7058917880058289,0.6428626179695129
ShopFacade,train,seq2,ShopFacade/seq2/frame00196.png,-6.759815,21.551937,1.826404,0.207821,0.177726,-0.697707,0.66214,-6.823229789733887,21.83660316467285,1.830352544784546,0.2068425565958023,0.1769973933696746,-0.6979296803474426,0.6624063849449158
ShopFacade,train,seq2,ShopFacade/seq2/frame00197.png,-6.278454,21.076511,1.8211,0.189046,0.17102,-0.6979529999999999,0.669235,-6.304994583129883,21.354890823364254,1.8286926746368408,0.1882130056619644,0.1701441407203674,-0.6978350877761841,0.669815719127655
ShopFacade,train,seq2,ShopFacade/seq2/frame00198.png,-5.764679,20.346144,1.763511,0.191875,0.153683,-0.689435,0.681355,-5.780451774597168,20.61941337585449,1.78620707988739,0.1907558739185333,0.1523330211639404,-0.6893221139907837,0.6820864677429199
ShopFacade,train,seq2,ShopFacade/seq2/frame00199.png,-5.696345,19.61525,1.805217,0.207261,0.177007,-0.6834060000000001,0.67725,-5.720269680023193,19.857187271118164,1.822206735610962,0.2068665921688079,0.1762982904911041,-0.6834560036659241,0.6775049567222595
ShopFacade,train,seq2,ShopFacade/seq2/frame00201.png,-5.641475,17.990192,1.796935,0.232995,0.208032,-0.6875560000000001,0.655517,-5.668567657470703,18.20108985900879,1.8105010986328125,0.2330392152070999,0.2075759768486023,-0.6873332858085632,0.6558794379234314
ShopFacade,train,seq2,ShopFacade/seq2/frame00202.png,-5.703567,17.147084,1.7931169999999998,0.224006,0.200808,-0.691427,0.65683,-5.727503299713135,17.366680145263672,1.800166368484497,0.2235621511936187,0.2003455907106399,-0.6914842128753662,0.6570625305175781
ShopFacade,train,seq2,ShopFacade/seq2/frame00203.png,-5.736442,16.301745999999998,1.815823,0.229979,0.223345,-0.690542,0.648366,-5.790741443634033,16.483741760253906,1.8223758935928345,0.2300233542919159,0.2229502350091934,-0.6906057000160217,0.6484182476997375
ShopFacade,train,seq2,ShopFacade/seq2/frame00204.png,-5.741874,15.449053,1.802679,0.244647,0.224773,-0.683154,0.650328,-5.795903205871582,15.603583335876465,1.806854605674744,0.2438419014215469,0.2236424535512924,-0.6836743354797363,0.6504725813865662
ShopFacade,train,seq2,ShopFacade/seq2/frame00205.png,-5.765113,14.610729,1.794978,0.274754,0.269094,-0.666189,0.638976,-5.815205097198486,14.779740333557127,1.805622220039368,0.2741861641407013,0.2683390974998474,-0.6667097806930542,0.6389946937561035
ShopFacade,train,seq2,ShopFacade/seq2/frame00206.png,-5.792117,13.769241,1.7998610000000002,0.284193,0.260024,-0.656619,0.648439,-5.835986614227295,13.935430526733398,1.8143388032913208,0.283405601978302,0.2582921087741852,-0.6570362448692322,0.6490529775619507
ShopFacade,train,seq2,ShopFacade/seq2/frame00207.png,-5.848277,12.924791,1.7830529999999998,0.314926,0.300414,-0.646857,0.626218,-5.889937400817871,13.092379570007324,1.807498812675476,0.3144408762454986,0.2987383306026459,-0.6472418904304504,0.6268654465675354
ShopFacade,train,seq2,ShopFacade/seq2/frame00208.png,-5.854255,12.090822,1.814565,0.325605,0.288018,-0.642407,0.631143,-5.904295921325684,12.253604888916016,1.810234546661377,0.3244224488735199,0.2875747978687286,-0.6424347758293152,0.6319243311882019
ShopFacade,train,seq2,ShopFacade/seq2/frame00210.png,-6.165049,10.370845,1.802242,0.354425,0.324044,-0.633127,0.607066,-6.225862979888916,10.483193397521973,1.8176946640014648,0.3548080623149872,0.32410728931427,-0.6329173445701599,0.6070265769958496
ShopFacade,train,seq2,ShopFacade/seq2/frame00211.png,-6.3878910000000015,9.541506,1.7794990000000002,0.372638,0.340229,-0.622732,0.597989,-6.474165916442871,9.570040702819824,1.783559799194336,0.3729325234889984,0.3402129113674164,-0.6227516531944275,0.5977932810783386
ShopFacade,train,seq2,ShopFacade/seq2/frame00213.png,-6.894183,7.751222,1.7698060000000002,0.410928,0.368641,-0.603018,0.575857,-6.996006011962891,7.802616119384766,1.7871018648147583,0.4096839129924774,0.3676174283027649,-0.6035987138748169,0.576788604259491
ShopFacade,train,seq2,ShopFacade/seq2/frame00215.png,-7.338897999999999,6.039293,1.718691,0.461058,0.41595,-0.574009,0.533784,-7.437528133392334,6.103628635406494,1.7497808933258057,0.4603171646595001,0.4152989685535431,-0.5747097134590149,0.5341756343841553
ShopFacade,train,seq2,ShopFacade/seq2/frame00216.png,-7.434938000000002,5.214279,1.815189,0.44518,0.400399,-0.5930810000000001,0.538285,-7.539390087127685,5.2611985206604,1.848573923110962,0.4436810910701751,0.399174153804779,-0.5941115021705627,0.5392946004867554
ShopFacade,train,seq2,ShopFacade/seq2/frame00218.png,-8.079417999999999,3.259267,1.846757,0.480219,0.419148,-0.5663699999999999,0.5224270000000001,-8.178114891052246,3.323314905166626,1.872910022735596,0.4783822894096374,0.4172492027282715,-0.5680801868438721,0.5237733125686646
ShopFacade,train,seq2,ShopFacade/seq2/frame00219.png,-8.653273,2.5807330000000004,1.858358,0.451526,0.408722,-0.577525,0.5436310000000001,-8.773019790649414,2.620405435562134,1.885467529296875,0.4495680034160614,0.4067892134189605,-0.5787107944488525,0.5454402565956116
ShopFacade,train,seq2,ShopFacade/seq2/frame00220.png,-8.951267,1.827092,1.917183,0.498013,0.466482,-0.5277189999999999,0.505855,-9.130532264709473,1.8523956537246704,1.9351460933685305,0.4968591928482055,0.4646353423595428,-0.5294066071510315,0.5069257020950317
ShopFacade,train,seq2,ShopFacade/seq2/frame00221.png,-9.404969,1.011613,1.852461,0.539229,0.48861,-0.5053890000000001,0.463761,-9.548383712768556,1.03631591796875,1.872830152511597,0.5384733080863953,0.4883657693862915,-0.5061322450637817,0.4640857279300689
ShopFacade,train,seq2,ShopFacade/seq2/frame00222.png,-9.699924,0.186755,1.866394,0.56218,0.492595,-0.501203,0.436005,-9.839353561401367,0.2241898328065872,1.8744521141052248,0.5616405606269836,0.4920833706855774,-0.501846194267273,0.4365366101264953
ShopFacade,train,seq2,ShopFacade/seq2/frame00224.png,-10.317241,-1.310241,1.841321,0.575066,0.52355,-0.482998,0.402378,-10.465596199035645,-1.2851083278656006,1.878945231437683,0.5744913220405579,0.5228384733200073,-0.4841703176498413,0.4027142524719238
ShopFacade,train,seq2,ShopFacade/seq2/frame00225.png,-10.461217,-2.006601,1.916217,0.608015,0.5255340000000001,-0.436123,0.404882,-10.631414413452148,-1.9919995069503784,1.9481346607208248,0.6075996160507202,0.5241987705230713,-0.4369756877422333,0.4063135087490082
ShopFacade,train,seq2,ShopFacade/seq2/frame00226.png,-10.831828,-2.733859,1.963468,0.611017,0.51915,-0.452222,0.390687,-11.032526016235352,-2.746273994445801,1.9878216981887815,0.6105135083198547,0.5181782841682434,-0.4535593092441559,0.3912141621112823
ShopFacade,train,seq2,ShopFacade/seq2/frame00227.png,-11.000229,-3.505645,1.98129,0.614,0.538343,-0.44813,0.363827,-11.175808906555176,-3.550899744033813,2.0126724243164062,0.613711416721344,0.5375074148178101,-0.4492718875408172,0.3641412258148193
ShopFacade,train,seq2,ShopFacade/seq2/frame00228.png,-11.372489,-4.072622,1.981596,0.6177560000000001,0.6017779999999999,-0.361905,0.353929,-11.54983139038086,-4.111003398895264,2.0058188438415527,0.6178996562957764,0.6015809774398804,-0.3620510399341583,0.3538635671138763
ShopFacade,train,seq2,ShopFacade/seq2/frame00229.png,-11.805771,-4.403497,2.001193,0.592512,0.6214149999999999,-0.382561,0.341203,-11.973467826843262,-4.481526851654053,2.0111536979675293,0.5925252437591553,0.6214186549186707,-0.3829253315925598,0.3407651484012604
ShopFacade,train,seq2,ShopFacade/seq2/frame00230.png,-12.227476,-4.971431,2.011527,0.60231,0.625405,-0.348584,0.35296,-12.409692764282228,-4.995776176452637,2.038736581802368,0.6019987463951111,0.6258725523948669,-0.3492200076580047,0.3520317375659942
