scene,split,seq,img_path,t1,t2,t3,q1,q2,q3,q4
StMarysChurch,train,seq8,StMarysChurch/seq8/frame00020.png,-16.477224,0.874116,-12.955994,0.8526309999999999,-0.036093,-0.520397,0.030088
StMarysChurch,train,seq4,StMarysChurch/seq4/frame00312.png,-11.701389,0.610853,-9.623386,0.8538180000000001,-0.321115,-0.391313,0.121467
StMarysChurch,train,seq1,StMarysChurch/seq1/frame00032.png,36.168693,-1.025954,18.343448,0.7087140000000001,-0.043086,0.703281,-0.035543
StMarysChurch,train,seq12,StMarysChurch/seq12/frame00077.png,-7.462933,1.160916,52.914259,0.427525,-0.07506,-0.8976059999999999,0.07678
StMarysChurch,train,seq2,StMarysChurch/seq2/frame00128.png,35.397444,-0.784894,51.804738,0.350524,-0.107824,0.924855,-0.100754
StMarysChurch,train,seq2,StMarysChurch/seq2/frame00168.png,11.461501,0.183597,57.27579,0.096898,-0.062987,0.981818,-0.150805
StMarysChurch,train,seq2,StMarysChurch/seq2/frame00091.png,38.825726,-1.342051,24.895424,0.7443810000000001,-0.110189,0.65856,-0.007325
StMarysChurch,train,seq7,StMarysChurch/seq7/frame00026.png,-11.036309,0.720125,-9.674687,0.877584,-0.126384,-0.461633,0.027754
StMarysChurch,train,seq4,StMarysChurch/seq4/frame00282.png,-12.976172,0.654831,9.814125,0.5778770000000001,-0.249654,-0.725593,0.277931
StMarysChurch,train,seq2,StMarysChurch/seq2/frame00118.png,38.146831,-1.107717,44.989947,0.623138,-0.087936,0.7768010000000001,-0.023389
StMarysChurch,train,seq8,StMarysChurch/seq8/frame00021.png,-16.610495,0.7297279999999999,-13.233959,0.792791,-0.018102,-0.609107,0.012025
StMarysChurch,train,seq7,StMarysChurch/seq7/frame00051.png,-18.921055,1.029654,-3.3065550000000004,0.8026220000000001,-0.115795,-0.581509,0.065099
StMarysChurch,train,seq1,StMarysChurch/seq1/frame00050.png,36.507503,-1.086865,31.527111,0.645849,-0.049108,0.758074,-0.076096
StMarysChurch,train,seq2,StMarysChurch/seq2/frame00048.png,38.672244,-1.38169,-5.191255,0.72316,-0.031554,0.689282,-0.03059
StMarysChurch,train,seq2,StMarysChurch/seq2/frame00149.png,24.639025,-0.164009,58.43043100000001,0.133918,0.005928,0.985142,-0.107467
StMarysChurch,train,seq2,StMarysChurch/seq2/frame00352.png,25.725959,-0.866483,-16.410547,0.961715,-0.104824,0.251444,-0.029876
StMarysChurch,train,seq12,StMarysChurch/seq12/frame00051.png,4.042589,0.668169,52.877458,0.1519589999999999,-0.057279,-0.969469,0.183787
StMarysChurch,train,seq2,StMarysChurch/seq2/frame00257.png,-13.36416,0.739212,13.454654,0.626939,-0.101957,-0.762718,0.121719
StMarysChurch,train,seq2,StMarysChurch/seq2/frame00290.png,-13.950746,0.597028,-10.393288,0.903898,-0.0868299999999999,-0.40742,0.097154
StMarysChurch,train,seq11,StMarysChurch/seq11/frame00019.png,32.705737,-0.5150279999999999,57.30664399999999,0.350367,0.005161,0.933975,-0.070087
StMarysChurch,train,seq2,StMarysChurch/seq2/frame00252.png,-13.582832000000002,0.93828,16.908801999999998,0.555338,-0.124992,-0.813511,0.119075
StMarysChurch,train,seq1,StMarysChurch/seq1/frame00116.png,5.932191,0.692051,53.981435,0.109242,-0.044035,-0.979778,0.161876
StMarysChurch,train,seq11,StMarysChurch/seq11/frame00005.png,39.506045,-0.905277,53.42406,0.409573,0.022187,0.909118,-0.072544
StMarysChurch,train,seq2,StMarysChurch/seq2/frame00263.png,-13.177960999999998,0.763419,8.995213,0.724317,-0.103899,-0.674508,0.098028
StMarysChurch,train,seq12,StMarysChurch/seq12/frame00084.png,-9.376646,1.19485,52.64608199999999,0.269246,-0.071379,-0.953128,0.118166
StMarysChurch,train,seq2,StMarysChurch/seq2/frame00269.png,-13.286121,0.475578,4.761576,0.712522,-0.099398,-0.6909770000000001,0.070589
StMarysChurch,train,seq4,StMarysChurch/seq4/frame00242.png,-13.00919,1.1431950000000002,37.622697,0.327837,-0.081223,-0.921237,0.192999
StMarysChurch,train,seq7,StMarysChurch/seq7/frame00069.png,-10.446826,0.605743,-6.982605,0.850391,-0.100021,-0.512362,0.065694
StMarysChurch,train,seq1,StMarysChurch/seq1/frame00124.png,0.286746,0.800652,52.283764,0.159606,-0.067781,-0.972539,0.155243
StMarysChurch,train,seq12,StMarysChurch/seq12/frame00131.png,-9.129724,0.835541,28.901343,0.36544,-0.112729,-0.912462,0.145469
StMarysChurch,train,seq4,StMarysChurch/seq4/frame00092.png,37.719693,-1.329473,7.563178999999999,0.698241,-0.209317,0.658289,-0.187887
StMarysChurch,train,seq4,StMarysChurch/seq4/frame00276.png,-12.893724,0.810228,14.185915,0.508528,-0.237533,-0.777209,0.284473
StMarysChurch,train,seq2,StMarysChurch/seq2/frame00154.png,21.225433,-0.109814,58.757071,0.182428,-0.015497,0.976899,-0.110286
StMarysChurch,train,seq2,StMarysChurch/seq2/frame00325.png,8.615895,-0.392723,-17.863207,0.982723,-0.175714,-0.042891,0.039248
StMarysChurch,train,seq4,StMarysChurch/seq4/frame00114.png,38.215827,-1.429576,23.547723,0.5251170000000001,-0.1041,0.8249629999999999,-0.181251
StMarysChurch,train,seq2,StMarysChurch/seq2/frame00250.png,-13.523371,0.797656,18.492585,0.5412020000000001,-0.110507,-0.824227,0.124658
StMarysChurch,train,seq4,StMarysChurch/seq4/frame00292.png,-12.997447,0.596092,2.67549,0.6948489999999999,-0.226577,-0.643491,0.227527
StMarysChurch,train,seq8,StMarysChurch/seq8/frame00012.png,-12.878741,0.60475,-11.689964,0.861157,-0.276925,-0.417313,0.087014
StMarysChurch,train,seq2,StMarysChurch/seq2/frame00137.png,31.533978,-0.551459,56.19829,0.195618,-0.061301,0.970277,-0.128569
StMarysChurch,train,seq2,StMarysChurch/seq2/frame00265.png,-13.152392,0.836382,7.485435000000002,0.722076,-0.106211,-0.676465,0.09859
StMarysChurch,train,seq2,StMarysChurch/seq2/frame00231.png,-13.864687,1.085515,31.749363,0.4272510000000001,-0.105315,-0.8873629999999999,0.137673
StMarysChurch,train,seq12,StMarysChurch/seq12/frame00020.png,19.629297,0.440398,55.979627,0.342648,0.019808,0.933997,-0.099252
StMarysChurch,train,seq2,StMarysChurch/seq2/frame00084.png,38.570976,-1.520804,19.787681,0.7631760000000001,-0.093335,0.639407,-0.003036
StMarysChurch,train,seq2,StMarysChurch/seq2/frame00046.png,38.64444,-1.388307,-6.549884,0.77862,-0.043769,0.625499,-0.024218
StMarysChurch,train,seq4,StMarysChurch/seq4/frame00102.png,38.388119,-1.3034059999999998,14.805687,0.612153,-0.166935,0.7492989999999999,-0.189609
StMarysChurch,train,seq2,StMarysChurch/seq2/frame00258.png,-13.285149,1.074199,12.651492,0.651457,-0.104982,-0.74417,0.103903
StMarysChurch,train,seq2,StMarysChurch/seq2/frame00083.png,38.811985,-1.821888,18.931789,0.778911,-0.081069,0.621708,-0.014294
StMarysChurch,train,seq12,StMarysChurch/seq12/frame00120.png,-6.462251,0.922743,34.220915999999995,0.38382,-0.102021,-0.906835,0.1411619999999999
StMarysChurch,train,seq12,StMarysChurch/seq12/frame00123.png,-7.254016,0.9001680000000001,33.048665,0.521745,-0.091014,-0.833184,0.159075
StMarysChurch,train,seq12,StMarysChurch/seq12/frame00126.png,-8.09601,0.939146,31.833204,0.501704,-0.087545,-0.850626,0.130635
StMarysChurch,train,seq2,StMarysChurch/seq2/frame00177.png,5.788157,0.329755,57.052814,0.1056,0.01456,-0.983858,0.1439339999999999
StMarysChurch,train,seq4,StMarysChurch/seq4/frame00237.png,-13.880315,1.248296,40.972638,0.315794,-0.094052,-0.915274,0.231739
StMarysChurch,train,seq1,StMarysChurch/seq1/frame00102.png,15.765947,0.113249,54.718518,0.103192,-0.03291,0.977902,-0.17897
StMarysChurch,train,seq12,StMarysChurch/seq12/frame00141.png,-8.962722,0.819116,22.400787,0.904377,-0.082983,-0.4179810000000001,0.022562
StMarysChurch,train,seq2,StMarysChurch/seq2/frame00210.png,-13.578863,1.466903,46.61564600000001,0.508795,-0.089721,-0.843935,0.144401
StMarysChurch,train,seq4,StMarysChurch/seq4/frame00124.png,37.992532,-1.147693,30.706023,0.426351,-0.060517,0.8822629999999999,-0.190199
StMarysChurch,train,seq2,StMarysChurch/seq2/frame00312.png,-0.6935100000000001,0.070595,-16.541667999999998,0.968695,-0.115014,-0.212742,0.056058
StMarysChurch,train,seq2,StMarysChurch/seq2/frame00305.png,-5.822096,0.5810029999999999,-16.268587,0.961495,-0.130503,-0.235913,0.053298
StMarysChurch,train,seq12,StMarysChurch/seq12/frame00001.png,29.073991,-0.463922,57.676704,0.363691,0.0008349999999999,0.929076,-0.067424
StMarysChurch,train,seq2,StMarysChurch/seq2/frame00212.png,-13.880497,1.385254,45.360207,0.49523,-0.088459,-0.8525020000000001,0.141999
StMarysChurch,train,seq12,StMarysChurch/seq12/frame00148.png,-9.505019,0.8802479999999999,18.11996700000001,0.490621,-0.206828,-0.801024,0.273636
StMarysChurch,train,seq11,StMarysChurch/seq11/frame00011.png,36.458048,-0.669622,54.560836,0.466258,-0.01889,0.8768290000000001,-0.115833
StMarysChurch,train,seq2,StMarysChurch/seq2/frame00304.png,-6.582813000000002,0.588196,-16.058045,0.951454,-0.103179,-0.279805,0.076155
StMarysChurch,train,seq1,StMarysChurch/seq1/frame00161.png,-7.119215,0.8747219999999999,28.98993,0.5968060000000001,-0.097857,-0.790817,0.094107
StMarysChurch,train,seq1,StMarysChurch/seq1/frame00043.png,36.251951,-0.964102,26.549288,0.708028,-0.051474,0.7038840000000001,-0.024393
StMarysChurch,train,seq2,StMarysChurch/seq2/frame00230.png,-13.726787,1.19944,32.600018,0.466061,-0.061703,-0.870764,0.144054
StMarysChurch,train,seq2,StMarysChurch/seq2/frame00227.png,-13.551768,1.17174,34.758627000000004,0.404191,-0.063276,-0.907112,0.098874
StMarysChurch,train,seq4,StMarysChurch/seq4/frame00099.png,38.047262,-1.3533309999999998,12.814994,0.628134,-0.158712,0.738364,-0.187289
StMarysChurch,train,seq7,StMarysChurch/seq7/frame00021.png,-8.659353999999999,0.600264,-10.073356,0.8704649999999999,-0.121559,-0.475945,0.031484
StMarysChurch,train,seq2,StMarysChurch/seq2/frame00223.png,-14.18547,1.3722,37.636294,0.363018,-0.062096,-0.918697,0.1426849999999999
StMarysChurch,train,seq2,StMarysChurch/seq2/frame00260.png,-13.224594,0.965439,11.303969,0.680995,-0.097399,-0.715929,0.119192
StMarysChurch,train,seq1,StMarysChurch/seq1/frame00065.png,36.742939,-1.0583280000000002,42.584012,0.495785,-0.06708,0.860157,-0.099136
StMarysChurch,train,seq12,StMarysChurch/seq12/frame00057.png,1.037557,0.632736,52.177174,0.420266,-0.0978,-0.890109,0.146694
StMarysChurch,train,seq4,StMarysChurch/seq4/frame00301.png,-13.605319,0.6885140000000001,-2.007156,0.783641,-0.280233,-0.51422,0.207252
StMarysChurch,train,seq12,StMarysChurch/seq12/frame00017.png,20.818314,0.057112,57.673894,0.255363,0.019123,0.964206,-0.068843
StMarysChurch,train,seq1,StMarysChurch/seq1/frame00192.png,-8.09742,0.5672050000000001,5.944033999999999,0.66046,-0.112021,-0.73849,0.076667
StMarysChurch,train,seq2,StMarysChurch/seq2/frame00239.png,-13.870596,1.004158,26.052698,0.439758,-0.085707,-0.8836229999999999,0.135939
StMarysChurch,train,seq1,StMarysChurch/seq1/frame00189.png,-8.01216,0.742484,8.121883,0.7099260000000001,-0.092039,-0.693861,0.078054
StMarysChurch,train,seq1,StMarysChurch/seq1/frame00074.png,34.036745,-0.763576,48.290349,0.342442,-0.050613,0.929691,-0.125888
StMarysChurch,train,seq12,StMarysChurch/seq12/frame00125.png,-7.885319,1.015817,32.297571000000005,0.492339,-0.089667,-0.857089,0.122319
StMarysChurch,train,seq12,StMarysChurch/seq12/frame00138.png,-9.151601,0.935256,24.590336,0.64379,-0.15219,-0.745319,0.082902
StMarysChurch,train,seq4,StMarysChurch/seq4/frame00272.png,-12.389801,0.807596,17.005975,0.542367,-0.21788,-0.755312,0.29643
StMarysChurch,train,seq2,StMarysChurch/seq2/frame00157.png,19.078599,-0.00255,58.31687,0.201897,-0.0614,0.96813,-0.134951
StMarysChurch,train,seq12,StMarysChurch/seq12/frame00060.png,0.109745,0.730574,52.590547,0.44958,-0.130091,-0.8463280000000001,0.254329
StMarysChurch,train,seq2,StMarysChurch/seq2/frame00339.png,18.482686,-0.419534,-16.645834,0.959743,-0.158925,0.228196,-0.039546
StMarysChurch,train,seq2,StMarysChurch/seq2/frame00180.png,3.738789,0.543859,56.919985,0.149366,-0.004636,-0.980778,0.125467
StMarysChurch,train,seq12,StMarysChurch/seq12/frame00145.png,-9.163098,0.8151390000000001,19.847427,0.642608,-0.179791,-0.715465,0.20698
StMarysChurch,train,seq1,StMarysChurch/seq1/frame00222.png,4.2108050000000015,0.056446,-7.319711,0.995417,-0.084523,-0.039431,-0.021121
StMarysChurch,train,seq7,StMarysChurch/seq7/frame00076.png,-6.829694,0.473242,-10.613519,0.8935719999999999,-0.203155,-0.39276,0.077442
StMarysChurch,train,seq2,StMarysChurch/seq2/frame00133.png,33.352914,-0.781241,54.193974,0.289977,-0.085927,0.948893,-0.09019
StMarysChurch,train,seq4,StMarysChurch/seq4/frame00137.png,36.418222,-1.091132,39.75734,0.321873,-0.03816,0.923485,-0.205223
StMarysChurch,train,seq4,StMarysChurch/seq4/frame00205.png,-1.201224,0.8585290000000001,55.819354,0.259204,-0.085432,-0.939754,0.20587
StMarysChurch,train,seq11,StMarysChurch/seq11/frame00009.png,37.399401,-0.784892,53.910572,0.356507,-0.014268,0.921787,-0.151686
StMarysChurch,train,seq2,StMarysChurch/seq2/frame00066.png,37.834212,-1.341174,6.775358,0.805037,-0.136655,0.577202,0.008912
StMarysChurch,train,seq2,StMarysChurch/seq2/frame00199.png,-9.019041,1.213272,53.036127,0.389538,-0.1139109999999999,-0.909578,0.089187
StMarysChurch,train,seq11,StMarysChurch/seq11/frame00023.png,31.172254,-0.570809,57.524421,0.377863,-0.001077,0.916087,-0.134179
StMarysChurch,train,seq2,StMarysChurch/seq2/frame00140.png,29.81643,-0.299696,57.347386,0.252693,-0.012971,0.954701,-0.156615
StMarysChurch,train,seq4,StMarysChurch/seq4/frame00191.png,9.028878,0.472378,56.413856,0.040669,-0.04134,-0.970347,0.23607
StMarysChurch,train,seq4,StMarysChurch/seq4/frame00265.png,-11.987013,0.810401,21.717664000000006,0.418457,-0.15894,-0.856341,0.257514
StMarysChurch,train,seq2,StMarysChurch/seq2/frame00135.png,32.508694,-0.59028,55.106913,0.251994,-0.075962,0.961811,-0.07518
StMarysChurch,train,seq4,StMarysChurch/seq4/frame00163.png,29.895794,-0.499408,56.17408100000001,0.21446,-0.018517,0.950841,-0.222632
StMarysChurch,train,seq2,StMarysChurch/seq2/frame00039.png,36.705125,-1.348018,-10.913356,0.8356180000000001,-0.116035,0.536382,-0.023963
StMarysChurch,train,seq4,StMarysChurch/seq4/frame00064.png,34.977415,-1.363501,-10.79135,0.7903899999999999,-0.1691359999999999,0.56901,-0.151345
StMarysChurch,train,seq1,StMarysChurch/seq1/frame00093.png,22.357279,-0.097487,54.41826999999999,0.245679,-0.006279,0.958396,-0.145204
StMarysChurch,train,seq1,StMarysChurch/seq1/frame00151.png,-7.232895,0.952186,36.267958,0.554445,-0.086445,-0.8215290000000001,0.101045
StMarysChurch,train,seq1,StMarysChurch/seq1/frame00075.png,33.622489,-0.7964,48.919788,0.313076,-0.059592,0.940553,-0.117442
StMarysChurch,train,seq12,StMarysChurch/seq12/frame00036.png,14.260187,0.075794,51.923909,0.02349,0.005,0.967018,-0.25467
StMarysChurch,train,seq4,StMarysChurch/seq4/frame00143.png,35.461053,-0.925863,43.861071,0.312799,-0.07797,0.916979,-0.235007
StMarysChurch,train,seq2,StMarysChurch/seq2/frame00028.png,29.358228000000004,-0.942155,-14.097808,0.971486,-0.118665,0.202033,0.036277
StMarysChurch,train,seq2,StMarysChurch/seq2/frame00287.png,-13.950008,0.653584,-7.966208999999999,0.824896,-0.146289,-0.538188,0.0922
StMarysChurch,train,seq12,StMarysChurch/seq12/frame00101.png,-12.51392,1.444277,42.840612,0.244134,-0.062651,-0.967038,0.036262
StMarysChurch,train,seq2,StMarysChurch/seq2/frame00145.png,27.030745,-0.33645,58.092908,0.226421,0.01203,0.965681,-0.126741
StMarysChurch,train,seq1,StMarysChurch/seq1/frame00051.png,36.351823,-1.054704,32.227155,0.651738,-0.053653,0.753306,-0.069927
StMarysChurch,train,seq12,StMarysChurch/seq12/frame00071.png,-5.919533,1.02105,50.120173,0.142398,-0.0578299999999999,-0.981899,0.11072
StMarysChurch,train,seq2,StMarysChurch/seq2/frame00103.png,38.273499,-1.3776700000000002,34.14803,0.7011729999999999,-0.068411,0.709674,0.006343
StMarysChurch,train,seq2,StMarysChurch/seq2/frame00148.png,25.232855,-0.086272,58.234738,0.146832,-0.001609,0.982981,-0.110513
StMarysChurch,train,seq4,StMarysChurch/seq4/frame00130.png,37.698326,-1.216507,34.804942,0.39985,-0.059982,0.882978,-0.238479
StMarysChurch,train,seq12,StMarysChurch/seq12/frame00152.png,-9.453205,0.954607,15.60012,0.625195,-0.147024,-0.762512,0.078054
StMarysChurch,train,seq1,StMarysChurch/seq1/frame00086.png,27.339903000000003,-0.309712,53.892698,0.233306,-0.022607,0.960212,-0.151865
StMarysChurch,train,seq4,StMarysChurch/seq4/frame00195.png,6.147542,0.6510819999999999,55.86633000000001,0.128518,-0.059671,-0.965763,0.217401
StMarysChurch,train,seq11,StMarysChurch/seq11/frame00012.png,35.91137600000001,-0.674309,54.916324,0.467328,0.002371,0.878685,-0.097525
StMarysChurch,train,seq12,StMarysChurch/seq12/frame00070.png,-5.253685,1.005845,50.041476,0.213412,-0.08587,-0.965039,0.125635
StMarysChurch,train,seq4,StMarysChurch/seq4/frame00218.png,-10.109511,1.1256389999999998,53.464159,0.34212,-0.124186,-0.917582,0.159925
StMarysChurch,train,seq4,StMarysChurch/seq4/frame00224.png,-13.099419,1.459784,49.950877,0.369147,-0.137401,-0.904434,0.163863
StMarysChurch,train,seq4,StMarysChurch/seq4/frame00171.png,23.947371,-0.506644,57.102994,0.116078,0.03426,0.969066,-0.215135
StMarysChurch,train,seq2,StMarysChurch/seq2/frame00068.png,37.908456,-1.296767,8.023551,0.769292,-0.091999,0.6322300000000001,-0.003405
StMarysChurch,train,seq12,StMarysChurch/seq12/frame00130.png,-8.946499000000003,0.7861130000000001,29.563607,0.414403,-0.12047,-0.890459,0.14437
StMarysChurch,train,seq2,StMarysChurch/seq2/frame00089.png,38.778253,-1.436067,23.57642,0.7786529999999999,-0.109274,0.617308,0.026249
StMarysChurch,train,seq1,StMarysChurch/seq1/frame00058.png,36.741412,-1.077074,37.362448,0.584004,-0.055051,0.803519,-0.101321
StMarysChurch,train,seq7,StMarysChurch/seq7/frame00070.png,-10.004265,0.609273,-7.544046000000002,0.875893,-0.092185,-0.470663,0.052824
StMarysChurch,train,seq4,StMarysChurch/seq4/frame00318.png,-10.092844,0.234925,-13.228723,0.848751,-0.351544,-0.364465,0.152326
StMarysChurch,train,seq7,StMarysChurch/seq7/frame00072.png,-8.926117,0.572559,-8.657349,0.8812129999999999,-0.109954,-0.455932,0.05917
StMarysChurch,train,seq1,StMarysChurch/seq1/frame00187.png,-8.066144,0.536636,9.641752,0.654131,-0.093155,-0.743821,0.100836
StMarysChurch,train,seq1,StMarysChurch/seq1/frame00031.png,36.240832,-1.045827,17.828643,0.697291,-0.050413,0.714675,-0.02199
StMarysChurch,train,seq2,StMarysChurch/seq2/frame00026.png,27.965688,-0.897241,-14.650913,0.969741,-0.1228869999999999,0.202579,0.058849
StMarysChurch,train,seq12,StMarysChurch/seq12/frame00086.png,-10.015891,1.266598,51.492933,0.31418,-0.094549,-0.938651,0.106267
StMarysChurch,train,seq4,StMarysChurch/seq4/frame00117.png,38.441904,-1.306714,25.630391,0.508376,-0.092435,0.838814,-0.171469
StMarysChurch,train,seq4,StMarysChurch/seq4/frame00160.png,31.963690000000003,-0.623582,55.306736,0.249676,-0.024791,0.945241,-0.208735
StMarysChurch,train,seq12,StMarysChurch/seq12/frame00092.png,-12.25026,1.340399,48.315872,0.5610189999999999,-0.111006,-0.809712,0.131548
StMarysChurch,train,seq1,StMarysChurch/seq1/frame00034.png,36.110163,-1.308894,20.039007,0.7014229999999999,-0.034114,0.711608,-0.021377
StMarysChurch,train,seq4,StMarysChurch/seq4/frame00310.png,-12.207446,0.541483,-8.263064,0.8477549999999999,-0.29774,-0.407614,0.162826
StMarysChurch,train,seq2,StMarysChurch/seq2/frame00277.png,-14.06584,0.730893,0.014895,0.766922,-0.108256,-0.61223,0.159015
StMarysChurch,train,seq12,StMarysChurch/seq12/frame00159.png,-9.846751,0.7818390000000001,12.103545,0.950851,-0.083359,-0.296219,0.034455
StMarysChurch,train,seq4,StMarysChurch/seq4/frame00200.png,2.450358,0.762258,55.994744,0.088601,-0.032683,-0.965101,0.244285
StMarysChurch,train,seq4,StMarysChurch/seq4/frame00157.png,33.263917,-0.8015869999999999,53.57669,0.297693,-0.060133,0.936233,-0.176716
StMarysChurch,train,seq4,StMarysChurch/seq4/frame00147.png,35.127204,-0.88865,46.40563,0.337344,-0.0737029999999999,0.915751,-0.20535
StMarysChurch,train,seq12,StMarysChurch/seq12/frame00158.png,-9.639094,0.81089,12.579625,0.93986,-0.081949,-0.32785,0.049617
StMarysChurch,train,seq1,StMarysChurch/seq1/frame00113.png,7.9384929999999985,0.545108,54.302635,0.133216,-0.041897,-0.979995,0.141798
StMarysChurch,train,seq4,StMarysChurch/seq4/frame00280.png,-13.076462,0.6911579999999999,11.143354,0.572299,-0.236501,-0.7386020000000001,0.266472
StMarysChurch,train,seq4,StMarysChurch/seq4/frame00210.png,-4.884647,0.902341,55.377523,0.277231,-0.081811,-0.935083,0.20512
StMarysChurch,train,seq2,StMarysChurch/seq2/frame00235.png,-13.965738,1.057503,29.032602,0.435375,-0.056741,-0.88015,0.180457
StMarysChurch,train,seq2,StMarysChurch/seq2/frame00330.png,12.51921,-0.259348,-17.945217,0.989567,-0.144035,0.003427,0.000508
StMarysChurch,train,seq7,StMarysChurch/seq7/frame00075.png,-7.423939999999999,0.440064,-10.061377,0.8978379999999999,-0.190012,-0.389986,0.075458
StMarysChurch,train,seq4,StMarysChurch/seq4/frame00141.png,35.577274,-1.092163,42.250571,0.282001,-0.027958,0.935016,-0.213168
StMarysChurch,train,seq12,StMarysChurch/seq12/frame00016.png,21.362206,0.009061,57.964353,0.296417,0.022424,0.951944,-0.073741
StMarysChurch,train,seq4,StMarysChurch/seq4/frame00274.png,-12.733863,0.839598,15.611547,0.5452640000000001,-0.229423,-0.761554,0.264743
StMarysChurch,train,seq2,StMarysChurch/seq2/frame00321.png,5.808646,-0.044923,-17.625158,0.980263,-0.172905,-0.0838899999999999,0.046383
StMarysChurch,train,seq2,StMarysChurch/seq2/frame00107.png,38.445356,-1.398527,37.101244,0.680249,-0.061153,0.73024,0.01646
StMarysChurch,train,seq2,StMarysChurch/seq2/frame00027.png,28.503055,-0.923281,-14.302053,0.968919,-0.115987,0.213016,0.048659
StMarysChurch,train,seq4,StMarysChurch/seq4/frame00078.png,38.782847,-1.458608,-2.25111,0.713579,-0.168236,0.649949,-0.200169
StMarysChurch,train,seq2,StMarysChurch/seq2/frame00004.png,12.731573,-0.4680180000000001,-17.492718,0.990132,-0.118442,0.074694,0.005671
StMarysChurch,train,seq7,StMarysChurch/seq7/frame00047.png,-18.914608,1.097966,-5.992406,0.823659,-0.108105,-0.549882,0.086771
StMarysChurch,train,seq1,StMarysChurch/seq1/frame00184.png,-7.912731,0.706343,11.912048,0.650258,-0.097618,-0.750269,0.068794
StMarysChurch,train,seq1,StMarysChurch/seq1/frame00059.png,36.382483,-1.06114,38.085313,0.551872,-0.050642,0.828571,-0.079637
StMarysChurch,train,seq2,StMarysChurch/seq2/frame00006.png,13.662704000000002,-0.437744,-17.581101,0.984621,-0.1401599999999999,0.095511,0.041892
StMarysChurch,train,seq1,StMarysChurch/seq1/frame00073.png,34.351478,-0.809565,47.705032,0.365654,-0.028326,0.921735,-0.126095
StMarysChurch,train,seq1,StMarysChurch/seq1/frame00166.png,-7.188932,0.765297,25.222673,0.6177520000000001,-0.113914,-0.772722,0.091154
StMarysChurch,train,seq1,StMarysChurch/seq1/frame00106.png,12.85025,0.343961,54.448694,0.081216,0.002771,0.982807,-0.165796
StMarysChurch,train,seq2,StMarysChurch/seq2/frame00253.png,-13.487823,0.838957,16.229021,0.583963,-0.115977,-0.794166,0.121813
StMarysChurch,train,seq4,StMarysChurch/seq4/frame00304.png,-13.485135,0.605693,-4.191427,0.782928,-0.278061,-0.52373,0.188182
StMarysChurch,train,seq4,StMarysChurch/seq4/frame00041.png,19.463532,-0.452738,-15.791426,0.914286,-0.354158,0.192847,-0.038265
StMarysChurch,train,seq4,StMarysChurch/seq4/frame00034.png,14.625447,-0.4220100000000001,-17.332508999999998,0.934277,-0.339612,0.106247,-0.022387
StMarysChurch,train,seq7,StMarysChurch/seq7/frame00024.png,-9.956002,0.5975229999999999,-9.621535,0.875482,-0.111643,-0.467145,0.053321
StMarysChurch,train,seq2,StMarysChurch/seq2/frame00050.png,38.3541,-1.330846,-3.836606,0.707106,-0.044689,0.705036,-0.030469
StMarysChurch,train,seq1,StMarysChurch/seq1/frame00142.png,-7.599701,1.033803,42.76415,0.4805640000000001,-0.096855,-0.868034,0.078711
StMarysChurch,train,seq2,StMarysChurch/seq2/frame00224.png,-13.860332,1.39953,36.829714,0.374623,-0.049691,-0.919687,0.106615
StMarysChurch,train,seq8,StMarysChurch/seq8/frame00009.png,-11.109781,0.6249279999999999,-12.47119,0.857933,-0.299166,-0.392615,0.142493
StMarysChurch,train,seq4,StMarysChurch/seq4/frame00261.png,-12.481406,0.88487,24.432459,0.3985800000000001,-0.153309,-0.8636969999999999,0.26769
StMarysChurch,train,seq1,StMarysChurch/seq1/frame00063.png,36.39549,-1.132088,41.329586,0.597474,-0.084857,0.795524,-0.054453
StMarysChurch,train,seq2,StMarysChurch/seq2/frame00259.png,-13.226485,0.7512850000000001,11.878827,0.6432399999999999,-0.070511,-0.758074,0.081213
StMarysChurch,train,seq4,StMarysChurch/seq4/frame00109.png,38.117682,-1.221539,20.022808,0.553235,-0.119106,0.803033,-0.18677
StMarysChurch,train,seq4,StMarysChurch/seq4/frame00249.png,-12.818247,0.904409,32.790823,0.359527,-0.113319,-0.8919799999999999,0.249538
StMarysChurch,train,seq4,StMarysChurch/seq4/frame00077.png,38.813466,-1.4920719999999998,-2.928779,0.715152,-0.1723859999999999,0.651737,-0.184605
StMarysChurch,train,seq2,StMarysChurch/seq2/frame00194.png,-6.139019,1.103342,54.886786,0.312401,-0.089155,-0.94223,0.081626
StMarysChurch,train,seq1,StMarysChurch/seq1/frame00067.png,36.352601,-0.980691,43.987681,0.4341390000000001,-0.028938,0.892651,-0.117736
StMarysChurch,train,seq1,StMarysChurch/seq1/frame00149.png,-7.30653,0.845298,37.834598,0.551686,-0.110643,-0.823074,0.077144
StMarysChurch,train,seq1,StMarysChurch/seq1/frame00219.png,2.087508,0.1277,-7.40412,0.991474,-0.113826,-0.063425,0.000595
StMarysChurch,train,seq2,StMarysChurch/seq2/frame00214.png,-13.909535,1.389665,44.03921500000001,0.5304989999999999,-0.093858,-0.834275,0.117245
StMarysChurch,train,seq4,StMarysChurch/seq4/frame00002.png,-6.738519,0.318626,-15.807762,0.904938,-0.319538,-0.262416,0.1006
StMarysChurch,train,seq1,StMarysChurch/seq1/frame00218.png,1.398847,0.214301,-7.3330350000000015,0.987791,-0.116582,-0.102753,-0.010937
StMarysChurch,train,seq2,StMarysChurch/seq2/frame00158.png,18.481953,0.137072,58.133926,0.160327,-0.064137,0.972707,-0.155016
StMarysChurch,train,seq4,StMarysChurch/seq4/frame00179.png,17.992406,-0.044343,57.786221,0.131827,-0.035368,0.962905,-0.232802
StMarysChurch,train,seq2,StMarysChurch/seq2/frame00273.png,-13.527731,0.6551680000000001,2.797296,0.780879,-0.128104,-0.594882,0.1411849999999999
StMarysChurch,train,seq12,StMarysChurch/seq12/frame00006.png,27.564092,-0.383514,57.809584,0.35745,-0.013494,0.927139,-0.111649
StMarysChurch,train,seq7,StMarysChurch/seq7/frame00061.png,-14.650436,0.8501,-2.775379,0.801401,-0.067308,-0.5916170000000001,0.056713
StMarysChurch,train,seq12,StMarysChurch/seq12/frame00153.png,-9.556204,0.890325,15.154203,0.7374390000000001,-0.122698,-0.6622359999999999,0.050729
StMarysChurch,train,seq7,StMarysChurch/seq7/frame00040.png,-16.834411,0.8625079999999999,-10.394121,0.8447389999999999,-0.1656099999999999,-0.506425,0.050234
StMarysChurch,train,seq1,StMarysChurch/seq1/frame00197.png,-8.072196,0.6973659999999999,2.401302,0.767587,-0.112115,-0.626272,0.077619
StMarysChurch,train,seq4,StMarysChurch/seq4/frame00189.png,10.533346,-0.031359,56.716303,0.052545,0.049288,0.973379,-0.217855
StMarysChurch,train,seq2,StMarysChurch/seq2/frame00019.png,22.760777,-0.838275,-15.646221,0.962998,-0.127396,0.229322,0.061784
StMarysChurch,train,seq4,StMarysChurch/seq4/frame00238.png,-13.695367999999998,1.140996,40.266857,0.308085,-0.079553,-0.921327,0.223407
StMarysChurch,train,seq2,StMarysChurch/seq2/frame00161.png,16.390372,0.096422,58.025204,0.103567,-0.087971,0.978818,-0.15346
StMarysChurch,train,seq4,StMarysChurch/seq4/frame00270.png,-12.156229,0.800858,18.307526,0.5053350000000001,-0.22247,-0.78299,0.286481
StMarysChurch,train,seq2,StMarysChurch/seq2/frame00242.png,-13.883991,0.973148,23.999451,0.457074,-0.079191,-0.868123,0.176571
StMarysChurch,train,seq4,StMarysChurch/seq4/frame00196.png,5.504082,0.61236,56.40456700000001,0.143554,-0.067101,-0.959967,0.231047
StMarysChurch,train,seq12,StMarysChurch/seq12/frame00135.png,-9.305157,1.009931,26.210414,0.373048,-0.117662,-0.915451,0.09456
StMarysChurch,train,seq1,StMarysChurch/seq1/frame00008.png,35.951909,-1.129409,1.880642,0.783092,-0.052648,0.617182,-0.055513
StMarysChurch,train,seq2,StMarysChurch/seq2/frame00185.png,0.10562,0.791283,56.43661899999999,0.149467,-0.033178,-0.981768,0.112679
StMarysChurch,train,seq4,StMarysChurch/seq4/frame00047.png,23.784282,-0.973096,-14.923431,0.926386,-0.313201,0.202302,-0.052808
StMarysChurch,train,seq2,StMarysChurch/seq2/frame00069.png,37.93947100000001,-1.451578,8.795675,0.79394,-0.073241,0.602405,-0.037459
StMarysChurch,train,seq1,StMarysChurch/seq1/frame00098.png,18.605753,0.029874,54.677599,0.181457,-0.000503,0.968116,-0.172748
StMarysChurch,train,seq4,StMarysChurch/seq4/frame00291.png,-12.904738,0.630059,3.426724,0.6896979999999999,-0.23865,-0.635579,0.2518
StMarysChurch,train,seq7,StMarysChurch/seq7/frame00057.png,-16.698552,1.065921,-1.148251,0.773163,-0.098417,-0.622638,0.069683
StMarysChurch,train,seq4,StMarysChurch/seq4/frame00256.png,-12.879444,0.8847280000000001,27.788156,0.414167,-0.129847,-0.8729290000000001,0.222712
StMarysChurch,train,seq7,StMarysChurch/seq7/frame00006.png,-13.086339,0.691154,-17.598898000000005,0.91728,-0.127077,-0.374413,0.04759
StMarysChurch,train,seq1,StMarysChurch/seq1/frame00007.png,35.94932700000001,-1.09493,1.239998,0.7952279999999999,-0.047148,0.603384,-0.036294
StMarysChurch,train,seq2,StMarysChurch/seq2/frame00300.png,-9.215322,0.498246,-15.661728,0.908019,-0.100392,-0.404172,0.045494
StMarysChurch,train,seq4,StMarysChurch/seq4/frame00086.png,38.02959600000001,-1.42974,3.481926,0.695329,-0.169302,0.6767270000000001,-0.172906
StMarysChurch,train,seq4,StMarysChurch/seq4/frame00260.png,-12.58812,0.904596,24.971485,0.4138770000000001,-0.147095,-0.860419,0.258357
StMarysChurch,train,seq12,StMarysChurch/seq12/frame00167.png,-10.058909,0.793349,8.670288000000001,0.696261,-0.093178,-0.706659,0.0846929999999999
StMarysChurch,train,seq2,StMarysChurch/seq2/frame00216.png,-14.022682,1.365499,42.528905,0.531692,-0.090755,-0.831448,0.13327
StMarysChurch,train,seq12,StMarysChurch/seq12/frame00155.png,-9.483087,0.601206,13.921696,0.916862,-0.076171,-0.39079,-0.029067
StMarysChurch,train,seq12,StMarysChurch/seq12/frame00067.png,-3.579489,0.8830290000000001,50.457273,0.193861,-0.091495,-0.963388,0.161043
StMarysChurch,train,seq8,StMarysChurch/seq8/frame00018.png,-16.143708,0.883582,-12.592192,0.954976,-0.024639,-0.295537,0.008434
StMarysChurch,train,seq4,StMarysChurch/seq4/frame00061.png,33.317172,-1.360367,-12.308577,0.798445,-0.212986,0.540647,-0.157558
StMarysChurch,train,seq1,StMarysChurch/seq1/frame00104.png,14.329803,0.26634,54.52653100000001,0.04192,-0.023131,0.980016,-0.194324
StMarysChurch,train,seq1,StMarysChurch/seq1/frame00026.png,35.964904,-1.072177,14.337132999999998,0.691391,-0.051536,0.719164,-0.046114
StMarysChurch,train,seq8,StMarysChurch/seq8/frame00016.png,-15.169775,0.8324370000000001,-12.247238,0.946164,-0.06189,-0.316939,0.02221
StMarysChurch,train,seq4,StMarysChurch/seq4/frame00131.png,37.616877,-1.202277,35.459313,0.371868,-0.071087,0.900958,-0.211983
StMarysChurch,train,seq4,StMarysChurch/seq4/frame00132.png,37.653046,-0.963577,36.268374,0.369133,-0.062527,0.900773,-0.220096
StMarysChurch,train,seq2,StMarysChurch/seq2/frame00190.png,-3.427479,0.943991,55.79549100000001,0.190654,-0.108211,-0.97151,0.090048
StMarysChurch,train,seq2,StMarysChurch/seq2/frame00337.png,17.37046,-0.413501,-17.566758,0.976548,-0.131083,0.170091,-0.015505
StMarysChurch,train,seq4,StMarysChurch/seq4/frame00213.png,-7.096546000000001,1.145607,55.296273,0.245985,-0.090026,-0.944993,0.195894
StMarysChurch,train,seq1,StMarysChurch/seq1/frame00042.png,36.178578,-1.031628,25.778747,0.688683,-0.04025,0.723691,-0.019158
StMarysChurch,train,seq4,StMarysChurch/seq4/frame00081.png,38.480926,-1.555417,-0.24159,0.660506,-0.182645,0.690637,-0.23107
StMarysChurch,train,seq12,StMarysChurch/seq12/frame00009.png,25.818842,-0.364843,57.938979,0.247378,0.005229,0.9467,-0.206255
StMarysChurch,train,seq12,StMarysChurch/seq12/frame00154.png,-9.424845,0.410073,14.44216,0.834141,-0.111625,-0.5392819999999999,0.030395
StMarysChurch,train,seq2,StMarysChurch/seq2/frame00245.png,-13.81633,0.935479,21.876891,0.512307,-0.085543,-0.84109,0.150977
StMarysChurch,train,seq1,StMarysChurch/seq1/frame00090.png,24.520711,-0.04325,54.362957,0.2866,-0.004343,0.94575,-0.152967
StMarysChurch,train,seq2,StMarysChurch/seq2/frame00266.png,-13.123412,0.785602,6.608814,0.703212,-0.115394,-0.693231,0.107745
StMarysChurch,train,seq2,StMarysChurch/seq2/frame00163.png,14.94935,0.229715,57.68502,0.098535,-0.06044,0.982254,-0.147864
StMarysChurch,train,seq2,StMarysChurch/seq2/frame00156.png,19.867835,-0.033588,58.344611,0.232785,-0.036077,0.962429,-0.135096
StMarysChurch,train,seq1,StMarysChurch/seq1/frame00139.png,-7.230459,1.007414,44.916232,0.390232,-0.09677,-0.908638,0.112839
StMarysChurch,train,seq2,StMarysChurch/seq2/frame00336.png,16.700817999999998,-0.398659,-17.913307,0.97594,-0.122883,0.179508,-0.014777
StMarysChurch,train,seq4,StMarysChurch/seq4/frame00225.png,-13.346725,1.283847,49.143812,0.35849,-0.117199,-0.914472,0.146594
StMarysChurch,train,seq4,StMarysChurch/seq4/frame00254.png,-12.892867,0.869876,29.221482,0.372458,-0.101104,-0.899482,0.204902
StMarysChurch,train,seq2,StMarysChurch/seq2/frame00329.png,11.844099,-0.288519,-17.946307,0.98617,-0.164485,0.010728,0.017271
StMarysChurch,train,seq1,StMarysChurch/seq1/frame00181.png,-7.655419,0.686984,14.138258,0.629958,-0.083799,-0.770112,0.055304
StMarysChurch,train,seq12,StMarysChurch/seq12/frame00033.png,16.335067000000002,0.1648079999999999,51.432866,0.270412,0.004336,0.958227,-0.093081
StMarysChurch,train,seq1,StMarysChurch/seq1/frame00215.png,-0.754638,0.23643,-7.1656710000000015,0.982176,-0.119592,-0.142355,0.027616
StMarysChurch,train,seq4,StMarysChurch/seq4/frame00202.png,0.975832,0.6976220000000001,55.943151,0.115817,-0.055349,-0.968019,0.215583
StMarysChurch,train,seq1,StMarysChurch/seq1/frame00118.png,4.446262,0.536473,53.761194,0.144388,-0.027848,-0.976914,0.15509
StMarysChurch,train,seq1,StMarysChurch/seq1/frame00078.png,32.231544,-0.707032,50.827203,0.274394,-0.027103,0.953418,-0.122374
StMarysChurch,train,seq4,StMarysChurch/seq4/frame00016.png,1.578279,-0.17851,-17.529638000000002,0.923174,-0.352639,-0.142651,0.055191
StMarysChurch,train,seq12,StMarysChurch/seq12/frame00074.png,-6.7639,1.068426,51.30159,0.4777810000000001,-0.078895,-0.8707090000000001,0.085834
StMarysChurch,train,seq2,StMarysChurch/seq2/frame00108.png,38.584832,-1.41087,37.861275,0.648519,-0.065242,0.7583850000000001,0.0042229999999999
StMarysChurch,train,seq1,StMarysChurch/seq1/frame00025.png,35.936912,-1.122134,13.662966,0.696768,-0.04246,0.71519,-0.034843
StMarysChurch,train,seq12,StMarysChurch/seq12/frame00081.png,-8.536951,1.210812,54.01538100000001,0.385447,-0.068439,-0.913422,0.111394
StMarysChurch,train,seq12,StMarysChurch/seq12/frame00087.png,-10.36546,1.221984,50.868008,0.321331,-0.085461,-0.938001,0.097966
StMarysChurch,train,seq4,StMarysChurch/seq4/frame00275.png,-12.847457,0.7403810000000001,14.812551999999998,0.531191,-0.232735,-0.770035,0.265927
StMarysChurch,train,seq4,StMarysChurch/seq4/frame00100.png,38.207858,-1.337329,13.366445,0.6100270000000001,-0.156934,0.751052,-0.197892
StMarysChurch,train,seq7,StMarysChurch/seq7/frame00052.png,-18.685306,1.0409,-2.682376,0.792925,-0.087034,-0.600063,0.060169
StMarysChurch,train,seq1,StMarysChurch/seq1/frame00162.png,-7.0379130000000005,0.8244610000000001,28.288209,0.579266,-0.09513,-0.802848,0.104094
StMarysChurch,train,seq12,StMarysChurch/seq12/frame00090.png,-11.639219,1.327205,49.522967,0.515429,-0.076915,-0.8517290000000001,0.054561
StMarysChurch,train,seq1,StMarysChurch/seq1/frame00185.png,-7.960917999999999,0.6727420000000001,11.126796,0.644546,-0.082893,-0.757564,0.061543
StMarysChurch,train,seq8,StMarysChurch/seq8/frame00011.png,-12.424642,0.60159,-11.886081,0.843326,-0.297898,-0.432932,0.112372
StMarysChurch,train,seq11,StMarysChurch/seq11/frame00018.png,33.165544,-0.375833,57.14795400000001,0.344489,0.037422,0.934291,-0.083838
StMarysChurch,train,seq4,StMarysChurch/seq4/frame00278.png,-13.027194,0.72495,12.586316,0.558401,-0.240966,-0.747754,0.266438
StMarysChurch,train,seq2,StMarysChurch/seq2/frame00175.png,7.045317999999999,0.338311,57.005809,0.002051,0.022717,-1.034951,0.118491
StMarysChurch,train,seq4,StMarysChurch/seq4/frame00101.png,38.204383,-1.313812,14.214472,0.6296430000000001,-0.152358,0.739252,-0.183968
StMarysChurch,train,seq2,StMarysChurch/seq2/frame00332.png,13.946167,-0.30347,-17.850226,0.989932,-0.13319,0.047892,-0.000831
StMarysChurch,train,seq1,StMarysChurch/seq1/frame00201.png,-7.68872,0.6184310000000001,-0.48115,0.826732,-0.115816,-0.547078,0.061692
StMarysChurch,train,seq2,StMarysChurch/seq2/frame00160.png,17.113266,0.227459,58.02702900000001,0.106778,-0.08279,0.977369,-0.162914
StMarysChurch,train,seq7,StMarysChurch/seq7/frame00029.png,-12.668569,0.6992619999999999,-10.615915,0.8925719999999999,-0.139776,-0.425451,0.052616
StMarysChurch,train,seq2,StMarysChurch/seq2/frame00010.png,16.470453,-0.444871,-17.40086,0.979959,-0.111465,0.140455,0.086773
StMarysChurch,train,seq2,StMarysChurch/seq2/frame00085.png,38.716066,-1.937567,20.519621,0.764304,-0.093081,0.637958,0.013636
StMarysChurch,train,seq12,StMarysChurch/seq12/frame00162.png,-10.182994,0.8628950000000001,10.879046,0.947704,-0.061687,-0.311895,0.027807
StMarysChurch,train,seq2,StMarysChurch/seq2/frame00124.png,36.843448,-0.8918010000000001,49.169263,0.472544,-0.0780059999999999,0.877606,-0.020624
StMarysChurch,train,seq2,StMarysChurch/seq2/frame00201.png,-9.925956,1.11875,52.156689,0.481666,-0.083124,-0.8689680000000001,0.077348
StMarysChurch,train,seq4,StMarysChurch/seq4/frame00223.png,-12.601115,1.158776,50.57259000000001,0.317234,-0.10494,-0.926589,0.172579
StMarysChurch,train,seq4,StMarysChurch/seq4/frame00321.png,-8.591078999999999,0.50522,-14.777693,0.8876719999999999,-0.330506,-0.309612,0.083342
StMarysChurch,train,seq12,StMarysChurch/seq12/frame00160.png,-9.903871,0.915458,11.67928,0.947673,-0.086156,-0.305045,0.037951
StMarysChurch,train,seq7,StMarysChurch/seq7/frame00079.png,-5.414406,0.381996,-11.717171,0.877519,-0.312487,-0.350697,0.096565
StMarysChurch,train,seq4,StMarysChurch/seq4/frame00135.png,36.987192,-1.017069,38.493714,0.353241,-0.038184,0.914083,-0.195491
StMarysChurch,train,seq12,StMarysChurch/seq12/frame00110.png,-7.5006,0.97502,39.474966,0.255758,-0.057204,-0.962474,0.070432
StMarysChurch,train,seq11,StMarysChurch/seq11/frame00001.png,40.150787,-0.891048,53.367508,0.372997,0.034963,0.92562,-0.053659
StMarysChurch,train,seq4,StMarysChurch/seq4/frame00040.png,18.807920000000006,-0.6427109999999999,-16.041420000000002,0.921336,-0.344847,0.1786839999999999,-0.01709
StMarysChurch,train,seq2,StMarysChurch/seq2/frame00209.png,-13.275902,1.375565,47.253911,0.5841890000000001,-0.08276,-0.798721,0.11798
StMarysChurch,train,seq4,StMarysChurch/seq4/frame00183.png,14.937896,0.159154,57.408423,0.168281,-0.02116,0.955699,-0.240625
StMarysChurch,train,seq2,StMarysChurch/seq2/frame00351.png,25.712848,-0.83467,-16.527282,0.939256,-0.132314,0.314903,-0.033571
StMarysChurch,train,seq7,StMarysChurch/seq7/frame00031.png,-13.59859,0.735108,-11.299805,0.887475,-0.132413,-0.43885,0.047603
StMarysChurch,train,seq2,StMarysChurch/seq2/frame00105.png,38.384756,-1.405681,35.612684,0.675608,-0.058515,0.734935,-0.000289
StMarysChurch,train,seq4,StMarysChurch/seq4/frame00066.png,36.145742,-1.287054,-9.70538,0.803621,-0.173656,0.541806,-0.174593
StMarysChurch,train,seq4,StMarysChurch/seq4/frame00028.png,10.196047,-0.450608,-17.772323999999994,0.934816,-0.349529,-0.051127,0.036538
StMarysChurch,train,seq1,StMarysChurch/seq1/frame00045.png,36.245699,-1.083821,27.753929,0.681768,-0.031878,0.7299329999999999,-0.037067
StMarysChurch,train,seq1,StMarysChurch/seq1/frame00088.png,25.941371,-0.258145,54.245925,0.274592,-0.023865,0.948723,-0.154772
StMarysChurch,train,seq4,StMarysChurch/seq4/frame00241.png,-13.117374,1.089439,38.339896,0.31837,-0.093486,-0.923909,0.190511
StMarysChurch,train,seq2,StMarysChurch/seq2/frame00042.png,37.861691,-1.3306639999999998,-9.118388,0.825109,-0.087305,0.557945,-0.01648
StMarysChurch,train,seq2,StMarysChurch/seq2/frame00101.png,38.230235,-1.326456,32.584411,0.698968,-0.092425,0.709147,0.003411
StMarysChurch,train,seq2,StMarysChurch/seq2/frame00170.png,10.401985,0.1683839999999999,57.31654200000001,0.061735,-0.066685,0.985361,-0.144644
StMarysChurch,train,seq2,StMarysChurch/seq2/frame00188.png,-1.997678,0.853715,56.13385600000001,0.14579,-0.061287,-0.981963,0.103559
StMarysChurch,train,seq12,StMarysChurch/seq12/frame00104.png,-11.245845,1.319279,41.554271,0.357724,-0.0784509999999999,-0.921157,0.1317279999999999
StMarysChurch,train,seq7,StMarysChurch/seq7/frame00056.png,-17.557542,1.074099,-1.170779,0.783984,-0.112529,-0.607823,0.057077
StMarysChurch,train,seq2,StMarysChurch/seq2/frame00150.png,24.079988,-0.219353,58.612242,0.073777,0.009473,0.993357,-0.087563
StMarysChurch,train,seq4,StMarysChurch/seq4/frame00015.png,0.94364,-0.269294,-17.400786,0.929833,-0.328986,-0.157991,0.047093
StMarysChurch,train,seq1,StMarysChurch/seq1/frame00172.png,-7.1850770000000015,0.917947,20.805778,0.619262,-0.097843,-0.775378,0.0757019999999999
StMarysChurch,train,seq4,StMarysChurch/seq4/frame00258.png,-12.901967,0.925744,26.325305,0.413383,-0.15028,-0.8630690000000001,0.248276
StMarysChurch,train,seq8,StMarysChurch/seq8/frame00013.png,-13.913779000000002,0.950772,-11.884541,0.868936,-0.249601,-0.410571,0.118663
StMarysChurch,train,seq4,StMarysChurch/seq4/frame00069.png,37.255367,-1.32794,-8.105166,0.807211,-0.20663,0.5323760000000001,-0.1493
StMarysChurch,train,seq1,StMarysChurch/seq1/frame00204.png,-6.745925,0.567076,-2.544722,0.841648,-0.1028369999999999,-0.5291819999999999,0.031923
StMarysChurch,train,seq4,StMarysChurch/seq4/frame00290.png,-12.925043,0.788968,4.0851180000000005,0.684949,-0.239378,-0.627743,0.281926
StMarysChurch,train,seq4,StMarysChurch/seq4/frame00062.png,33.894791,-1.239742,-11.849059,0.808388,-0.212563,0.5250630000000001,-0.160109
StMarysChurch,train,seq4,StMarysChurch/seq4/frame00175.png,21.077077,-0.256748,57.616534,0.106225,-0.016411,0.970834,-0.214438
StMarysChurch,train,seq12,StMarysChurch/seq12/frame00011.png,24.467539,-0.319269,58.32713199999999,0.257582,-0.01543,0.944928,-0.201323
StMarysChurch,train,seq2,StMarysChurch/seq2/frame00184.png,0.823476,0.812183,56.538802,0.155454,-0.039622,-0.978471,0.129833
StMarysChurch,train,seq2,StMarysChurch/seq2/frame00024.png,26.503625,-0.867823,-15.03658,0.97199,-0.106994,0.206679,0.032737
StMarysChurch,train,seq4,StMarysChurch/seq4/frame00036.png,16.101769,-0.5512729999999999,-17.005316,0.927872,-0.336037,0.160695,-0.017605
StMarysChurch,train,seq1,StMarysChurch/seq1/frame00080.png,31.131367,-0.570372,51.842311,0.267162,-0.020244,0.95529,-0.125068
StMarysChurch,train,seq12,StMarysChurch/seq12/frame00174.png,-11.3131,0.793834,4.881774,0.7494350000000001,-0.195842,-0.608863,0.171114
StMarysChurch,train,seq11,StMarysChurch/seq11/frame00022.png,31.730184,-0.5224880000000001,57.615058,0.373236,-0.0170939999999999,0.917987,-0.133073
StMarysChurch,train,seq2,StMarysChurch/seq2/frame00211.png,-13.58271,1.417702,46.03699,0.520438,-0.081778,-0.8380190000000001,0.142058
StMarysChurch,train,seq1,StMarysChurch/seq1/frame00064.png,36.706422,-1.149769,41.888598,0.5742229999999999,-0.099245,0.809964,-0.066151
StMarysChurch,train,seq1,StMarysChurch/seq1/frame00186.png,-7.965133,0.756273,10.355033,0.652044,-0.103028,-0.746305,0.085172
StMarysChurch,train,seq1,StMarysChurch/seq1/frame00108.png,11.486037,0.439746,54.52888299999999,0.033774,0.016486,0.982846,-0.181651
StMarysChurch,train,seq2,StMarysChurch/seq2/frame00309.png,-2.922592,0.285708,-16.227764999999998,0.960062,-0.115794,-0.245971,0.0661139999999999
StMarysChurch,train,seq1,StMarysChurch/seq1/frame00132.png,-4.735899,0.918454,49.27173,0.345951,-0.079989,-0.930884,0.0859019999999999
StMarysChurch,train,seq12,StMarysChurch/seq12/frame00047.png,6.472675,0.470815,53.328254,0.183584,-0.098965,-0.950893,0.22871
StMarysChurch,train,seq4,StMarysChurch/seq4/frame00201.png,1.650594,0.766939,56.08695,0.1133,-0.036376,-0.967538,0.222986
StMarysChurch,train,seq12,StMarysChurch/seq12/frame00088.png,-10.830755,1.229427,50.42248,0.36449,-0.071408,-0.921807,0.1110109999999999
StMarysChurch,train,seq2,StMarysChurch/seq2/frame00100.png,38.200875,-1.138377,31.753651,0.7129220000000001,-0.084344,0.696099,-0.008606
StMarysChurch,train,seq1,StMarysChurch/seq1/frame00077.png,32.644501,-0.6979920000000001,49.932941,0.301926,-0.022168,0.950021,-0.076213
StMarysChurch,train,seq2,StMarysChurch/seq2/frame00247.png,-13.695535,1.153385,20.529505,0.526686,-0.093489,-0.827599,0.17013
StMarysChurch,train,seq2,StMarysChurch/seq2/frame00078.png,39.157636,-1.255637,15.486971,0.704762,-0.07712,0.703167,-0.054028
StMarysChurch,train,seq1,StMarysChurch/seq1/frame00084.png,28.799657,-0.377694,53.40492800000001,0.182751,-0.048318,0.973092,-0.131816
StMarysChurch,train,seq2,StMarysChurch/seq2/frame00272.png,-13.475052,0.7546229999999999,3.206216,0.729333,-0.094314,-0.656121,0.169367
StMarysChurch,train,seq12,StMarysChurch/seq12/frame00186.png,-12.284188,0.654875,-1.436065,0.855305,-0.147315,-0.49167,0.070802
StMarysChurch,train,seq12,StMarysChurch/seq12/frame00058.png,0.794613,0.7022,52.441444,0.40764,-0.103396,-0.887217,0.189709
StMarysChurch,train,seq2,StMarysChurch/seq2/frame00225.png,-13.723037,1.167107,36.142594,0.363787,-0.042329,-0.925559,0.095969
StMarysChurch,train,seq12,StMarysChurch/seq12/frame00136.png,-9.274649,1.081785,25.510017,0.374778,-0.144205,-0.910542,0.098277
StMarysChurch,train,seq4,StMarysChurch/seq4/frame00024.png,7.332795,-0.098341,-17.962,0.933194,-0.353593,-0.044675,0.046088
StMarysChurch,train,seq1,StMarysChurch/seq1/frame00047.png,36.320461,-1.005811,29.337318,0.638741,-0.057073,0.765313,-0.055222
StMarysChurch,train,seq12,StMarysChurch/seq12/frame00137.png,-9.202996,1.236375,25.036758,0.485094,-0.15256,-0.854239,0.108114
StMarysChurch,train,seq7,StMarysChurch/seq7/frame00038.png,-16.615607999999998,1.037647,-11.771548,0.857239,-0.132064,-0.496371,0.036291
StMarysChurch,train,seq7,StMarysChurch/seq7/frame00033.png,-14.551246,0.7982859999999999,-11.91652,0.879656,-0.129804,-0.455847,0.039503
StMarysChurch,train,seq1,StMarysChurch/seq1/frame00072.png,34.749494,-0.821866,47.161095,0.365824,-0.02957,0.923064,-0.115116
StMarysChurch,train,seq4,StMarysChurch/seq4/frame00029.png,10.841321,-0.311749,-17.995551000000006,0.935717,-0.351998,0.006871,0.021987
StMarysChurch,train,seq2,StMarysChurch/seq2/frame00110.png,38.412128,-1.362435,39.409709,0.649836,-0.094762,0.753844,0.021279
StMarysChurch,train,seq1,StMarysChurch/seq1/frame00068.png,36.026009,-0.935356,44.611231,0.383287,-0.035456,0.915027,-0.120667
StMarysChurch,train,seq7,StMarysChurch/seq7/frame00019.png,-8.544921,0.727908,-11.430411,0.8696780000000001,-0.133581,-0.474036,0.033275
StMarysChurch,train,seq11,StMarysChurch/seq11/frame00021.png,32.040811,-0.578202,57.513944,0.350207,-0.013917,0.931105,-0.101021
StMarysChurch,train,seq1,StMarysChurch/seq1/frame00129.png,-2.998875,0.906653,50.614338,0.23529,-0.063794,-0.962814,0.116444
StMarysChurch,train,seq1,StMarysChurch/seq1/frame00054.png,36.351845,-0.983825,34.345533,0.709563,-0.062808,0.699422,-0.058174
StMarysChurch,train,seq2,StMarysChurch/seq2/frame00146.png,26.47950100000001,-0.356362,58.335829,0.231628,-0.001919,0.966592,-0.109767
StMarysChurch,train,seq1,StMarysChurch/seq1/frame00070.png,35.390679,-0.813609,45.95591500000001,0.307234,-0.036929,0.942182,-0.1286
StMarysChurch,train,seq4,StMarysChurch/seq4/frame00300.png,-13.158417000000002,0.649217,-1.392165,0.7815300000000001,-0.256972,-0.5303939999999999,0.204595
StMarysChurch,train,seq12,StMarysChurch/seq12/frame00015.png,21.972506,-0.041646,58.109403,0.328296,0.019473,0.94262,-0.057558
StMarysChurch,train,seq7,StMarysChurch/seq7/frame00064.png,-13.067475,0.8599709999999999,-4.289414,0.8423579999999999,-0.080244,-0.532533,0.02007
StMarysChurch,train,seq1,StMarysChurch/seq1/frame00094.png,21.641194,-0.072071,54.450235,0.22297,-0.002777,0.961828,-0.158657
StMarysChurch,train,seq4,StMarysChurch/seq4/frame00008.png,-4.437588,0.421123,-16.508335,0.919553,-0.371054,-0.119974,0.048447
StMarysChurch,train,seq1,StMarysChurch/seq1/frame00107.png,12.327518,0.406024,54.421646,0.074095,0.006711,0.978705,-0.191562
StMarysChurch,train,seq4,StMarysChurch/seq4/frame00088.png,37.710344,-1.397047,4.606466,0.688553,-0.206457,0.671137,-0.181232
StMarysChurch,train,seq2,StMarysChurch/seq2/frame00082.png,38.756646,-1.521206,18.292329,0.796801,-0.08107,0.598467,-0.019283
StMarysChurch,train,seq1,StMarysChurch/seq1/frame00012.png,35.739362,-1.077442,4.623061,0.788706,-0.054156,0.609286,-0.06149
StMarysChurch,train,seq2,StMarysChurch/seq2/frame00059.png,38.219555,-1.346541,2.201678,0.797478,-0.047952,0.5991569999999999,-0.05236
StMarysChurch,train,seq1,StMarysChurch/seq1/frame00035.png,36.167144,-1.218378,20.602848,0.6872550000000001,-0.033507,0.72536,-0.020291
StMarysChurch,train,seq2,StMarysChurch/seq2/frame00058.png,38.353114,-1.294951,1.4076229999999998,0.775054,-0.09285,0.621648,-0.064994
StMarysChurch,train,seq4,StMarysChurch/seq4/frame00257.png,-12.86494,0.927818,27.047081,0.437344,-0.132928,-0.856727,0.238913
StMarysChurch,train,seq1,StMarysChurch/seq1/frame00156.png,-6.9301770000000005,0.927201,32.697523,0.589677,-0.070779,-0.797813,0.103766
StMarysChurch,train,seq12,StMarysChurch/seq12/frame00029.png,18.872564,0.1421319999999999,51.39633,0.4358770000000001,-0.005346,0.8974469999999999,-0.067605
StMarysChurch,train,seq12,StMarysChurch/seq12/frame00164.png,-10.291322,0.933244,10.128079,0.932562,-0.083633,-0.349304,0.036343
StMarysChurch,train,seq4,StMarysChurch/seq4/frame00009.png,-3.611731,0.093553,-16.026719,0.908576,-0.385762,-0.154156,0.043741
StMarysChurch,train,seq4,StMarysChurch/seq4/frame00012.png,-1.428136,0.083612,-17.05112,0.933165,-0.348302,-0.074248,0.048744
StMarysChurch,train,seq2,StMarysChurch/seq2/frame00099.png,38.297982,-1.359453,31.31435,0.704944,-0.0748279999999999,0.705094,-0.017221
StMarysChurch,train,seq12,StMarysChurch/seq12/frame00161.png,-10.051131,0.7891130000000001,11.34054,0.942098,-0.082319,-0.323526,0.03174
StMarysChurch,train,seq7,StMarysChurch/seq7/frame00062.png,-14.036643,0.796025,-3.21135,0.835192,-0.0792669999999999,-0.540162,0.066302
StMarysChurch,train,seq2,StMarysChurch/seq2/frame00271.png,-13.3969,0.814218,3.764036,0.736838,-0.119726,-0.644229,0.166449
StMarysChurch,train,seq4,StMarysChurch/seq4/frame00022.png,5.740576,-0.032824,-17.869187,0.921792,-0.375575,-0.094341,0.018498
StMarysChurch,train,seq2,StMarysChurch/seq2/frame00249.png,-13.553975,1.005087,19.186371,0.523459,-0.105137,-0.8334729999999999,0.142344
StMarysChurch,train,seq11,StMarysChurch/seq11/frame00015.png,34.883312,-0.583361,56.201901,0.358268,0.02155,0.927194,-0.107219
StMarysChurch,train,seq2,StMarysChurch/seq2/frame00125.png,36.513668,-0.814103,49.919283,0.407268,-0.100595,0.905817,-0.059237
StMarysChurch,train,seq1,StMarysChurch/seq1/frame00131.png,-4.213854,0.931647,49.772447,0.310847,-0.068652,-0.944577,0.080234
StMarysChurch,train,seq4,StMarysChurch/seq4/frame00150.png,35.149347,-0.8775620000000001,48.562893,0.328372,-0.025513,0.926024,-0.184396
StMarysChurch,train,seq4,StMarysChurch/seq4/frame00063.png,34.486201,-1.281831,-11.322832,0.7956949999999999,-0.17476,0.5545720000000001,-0.169644
StMarysChurch,train,seq2,StMarysChurch/seq2/frame00348.png,24.357838,-0.7398060000000001,-16.357804,0.972933,-0.151823,0.173683,-0.013604
StMarysChurch,train,seq12,StMarysChurch/seq12/frame00163.png,-10.256875,0.833341,10.557361,0.939938,-0.068328,-0.33315,0.029306
StMarysChurch,train,seq12,StMarysChurch/seq12/frame00166.png,-10.099963,0.792697,9.15411,0.753877,-0.082751,-0.6483949999999999,0.0663779999999999
StMarysChurch,train,seq4,StMarysChurch/seq4/frame00306.png,-13.01812,0.524964,-5.504251,0.818629,-0.279305,-0.474769,0.162573
StMarysChurch,train,seq4,StMarysChurch/seq4/frame00235.png,-14.187832,1.492315,42.623025,0.325311,-0.09174,-0.912784,0.229309
StMarysChurch,train,seq1,StMarysChurch/seq1/frame00005.png,35.736162,-1.113338,-0.073763,0.791736,-0.036873,0.607849,-0.048108
StMarysChurch,train,seq2,StMarysChurch/seq2/frame00136.png,32.099433000000005,-0.490443,55.747331,0.215037,-0.068348,0.968571,-0.104656
StMarysChurch,train,seq4,StMarysChurch/seq4/frame00105.png,38.165987,-1.246713,17.245139,0.604629,-0.162905,0.752655,-0.203461
StMarysChurch,train,seq7,StMarysChurch/seq7/frame00017.png,-8.720044999999999,0.474217,-12.537746,0.880358,-0.095862,-0.461188,0.0555679999999999
StMarysChurch,train,seq4,StMarysChurch/seq4/frame00057.png,30.789221,-1.2756120000000002,-13.791932,0.8877870000000001,-0.198337,0.403675,-0.097691
StMarysChurch,train,seq2,StMarysChurch/seq2/frame00162.png,15.589299,0.1094,57.871301,0.114081,-0.0728419999999999,0.979213,-0.151326
StMarysChurch,train,seq12,StMarysChurch/seq12/frame00146.png,-9.23577,0.8517620000000001,19.326809,0.571275,-0.187015,-0.765243,0.230379
StMarysChurch,train,seq4,StMarysChurch/seq4/frame00184.png,14.063764,0.093779,57.421554,0.131052,-0.016526,0.96367,-0.23227
StMarysChurch,train,seq4,StMarysChurch/seq4/frame00089.png,37.656198,-1.3172,5.261946,0.670534,-0.191917,0.693475,-0.180675
StMarysChurch,train,seq4,StMarysChurch/seq4/frame00161.png,31.245104,-0.5972609999999999,55.591455,0.256321,-0.00059,0.943032,-0.212102
StMarysChurch,train,seq2,StMarysChurch/seq2/frame00081.png,38.911521,-1.693685,17.444035,0.781738,-0.088292,0.617114,0.016131
StMarysChurch,train,seq2,StMarysChurch/seq2/frame00067.png,37.745456,-1.40927,7.435691,0.783594,-0.105981,0.61216,0.002953
StMarysChurch,train,seq12,StMarysChurch/seq12/frame00171.png,-10.593901,0.6814399999999999,6.421014,0.667205,-0.206511,-0.682467,0.215476
StMarysChurch,train,seq1,StMarysChurch/seq1/frame00147.png,-7.477632000000002,0.998152,39.241701,0.573312,-0.118142,-0.809517,0.045155
StMarysChurch,train,seq12,StMarysChurch/seq12/frame00065.png,-2.466451,0.8681459999999999,51.063636,0.15636,-0.0646809999999999,-0.978831,0.115125
StMarysChurch,train,seq4,StMarysChurch/seq4/frame00125.png,37.824252,-1.216008,31.436297,0.425849,-0.068966,0.878267,-0.206262
StMarysChurch,train,seq2,StMarysChurch/seq2/frame00035.png,34.21409,-1.223792,-12.506982,0.8999469999999999,-0.094484,0.425412,0.013915
StMarysChurch,train,seq2,StMarysChurch/seq2/frame00219.png,-14.323556,1.502177,40.401399,0.5536,-0.088891,-0.8143060000000001,0.150105
StMarysChurch,train,seq2,StMarysChurch/seq2/frame00207.png,-12.571893,1.417578,48.732332,0.553813,-0.077081,-0.8239190000000001,0.092243
StMarysChurch,train,seq12,StMarysChurch/seq12/frame00024.png,19.91371,-0.088237,53.224587,0.383062,-0.080869,0.8845860000000001,-0.253447
StMarysChurch,train,seq12,StMarysChurch/seq12/frame00107.png,-9.438136,0.987811,40.626203,0.321945,-0.046972,-0.938724,0.113775
StMarysChurch,train,seq8,StMarysChurch/seq8/frame00022.png,-16.62043,1.092945,-13.217517,0.779378,-0.024986,-0.625976,0.010056
StMarysChurch,train,seq4,StMarysChurch/seq4/frame00085.png,37.979342,-1.39464,2.524261,0.695488,-0.172488,0.676755,-0.168958
StMarysChurch,train,seq2,StMarysChurch/seq2/frame00240.png,-13.741986,0.933124,25.383046,0.446385,-0.092214,-0.881769,0.121336
StMarysChurch,train,seq4,StMarysChurch/seq4/frame00068.png,36.910943,-1.440952,-8.62399,0.8238489999999999,-0.195043,0.514178,-0.137304
StMarysChurch,train,seq4,StMarysChurch/seq4/frame00006.png,-5.783127,0.15606,-15.830714000000002,0.915181,-0.355816,-0.174951,0.072335
StMarysChurch,train,seq4,StMarysChurch/seq4/frame00116.png,38.235526,-1.22011,24.98138,0.511053,-0.091921,0.8354540000000001,-0.179981
StMarysChurch,train,seq2,StMarysChurch/seq2/frame00016.png,20.469732,-0.5205529999999999,-15.965573,0.97184,-0.14963,0.163999,0.07901
StMarysChurch,train,seq4,StMarysChurch/seq4/frame00030.png,11.780081,-0.5526770000000001,-17.739915,0.936413,-0.349733,0.018338,0.021956
StMarysChurch,train,seq2,StMarysChurch/seq2/frame00090.png,38.792762,-1.4873459999999998,24.465693,0.772575,-0.113879,0.624169,0.023928
StMarysChurch,train,seq2,StMarysChurch/seq2/frame00191.png,-4.061993,0.985869,55.760823,0.238725,-0.078567,-0.964749,0.078114
StMarysChurch,train,seq4,StMarysChurch/seq4/frame00246.png,-12.792759,1.094956,34.808481,0.337965,-0.110603,-0.908426,0.219794
StMarysChurch,train,seq12,StMarysChurch/seq12/frame00056.png,1.384392,0.613721,52.024253,0.406958,-0.086592,-0.905494,0.083481
StMarysChurch,train,seq7,StMarysChurch/seq7/frame00007.png,-12.245395,0.5878770000000001,-17.560769,0.903387,-0.112741,-0.411217,0.045635
StMarysChurch,train,seq2,StMarysChurch/seq2/frame00218.png,-14.290257999999998,1.592365,41.042857,0.526507,-0.072077,-0.8362280000000001,0.13534
StMarysChurch,train,seq7,StMarysChurch/seq7/frame00036.png,-15.905293,0.866246,-12.45263,0.850087,-0.1287569999999999,-0.507483,0.056874
StMarysChurch,train,seq2,StMarysChurch/seq2/frame00323.png,7.220642999999999,-0.069308,-17.784304000000006,0.979981,-0.184403,-0.056912,0.048935
StMarysChurch,train,seq2,StMarysChurch/seq2/frame00236.png,-13.881455,1.013336,28.33812,0.426088,-0.077658,-0.885359,0.168992
StMarysChurch,train,seq2,StMarysChurch/seq2/frame00014.png,19.223076,-0.392568,-16.115726000000002,0.953658,-0.145514,0.256218,0.060947
StMarysChurch,train,seq12,StMarysChurch/seq12/frame00100.png,-12.972308,1.431652,43.350336,0.26083,-0.049852,-0.962937,0.04734
StMarysChurch,train,seq1,StMarysChurch/seq1/frame00040.png,36.115119,-1.093147,24.32001,0.680928,-0.046015,0.730442,-0.025962
StMarysChurch,train,seq2,StMarysChurch/seq2/frame00234.png,-13.783701999999998,1.226982,29.732306,0.41569,-0.087251,-0.885107,0.190199
StMarysChurch,train,seq2,StMarysChurch/seq2/frame00327.png,10.350404,-0.227872,-18.054653,0.977737,-0.198695,-0.04021,0.054173
StMarysChurch,train,seq1,StMarysChurch/seq1/frame00069.png,35.763499,-0.898719,45.320566,0.324414,-0.048089,0.938454,-0.108376
StMarysChurch,train,seq7,StMarysChurch/seq7/frame00032.png,-13.867838,0.617748,-11.422417,0.874974,-0.113304,-0.469342,0.036076
StMarysChurch,train,seq4,StMarysChurch/seq4/frame00037.png,16.797069,-0.541623,-16.88566,0.924853,-0.340471,0.167539,-0.025639
StMarysChurch,train,seq2,StMarysChurch/seq2/frame00261.png,-13.315905,0.704585,10.661505,0.7109979999999999,-0.086579,-0.691854,0.091239
StMarysChurch,train,seq4,StMarysChurch/seq4/frame00140.png,35.72843,-1.148539,41.575189,0.322294,-0.031469,0.916218,-0.235968
StMarysChurch,train,seq12,StMarysChurch/seq12/frame00026.png,20.023871,-0.023391,52.391381,0.407451,-0.096198,0.8581040000000001,-0.29731
StMarysChurch,train,seq12,StMarysChurch/seq12/frame00106.png,-10.171497,1.319395,40.898782,0.331264,-0.0718039999999999,-0.934532,0.108452
StMarysChurch,train,seq7,StMarysChurch/seq7/frame00020.png,-8.454172,0.557099,-10.567795,0.876872,-0.137655,-0.458583,0.043003
StMarysChurch,train,seq4,StMarysChurch/seq4/frame00243.png,-12.91045,1.104715,36.878138,0.330244,-0.09907,-0.919422,0.189174
StMarysChurch,train,seq1,StMarysChurch/seq1/frame00183.png,-7.817672999999999,0.6846939999999999,12.681679,0.650246,-0.08022,-0.753153,0.059225
StMarysChurch,train,seq1,StMarysChurch/seq1/frame00168.png,-7.156559,0.872575,23.721184,0.617425,-0.106839,-0.7718510000000001,0.107796
StMarysChurch,train,seq2,StMarysChurch/seq2/frame00172.png,8.946247999999997,0.202378,57.350715,0.057273,-0.041172,0.990469,-0.118951
StMarysChurch,train,seq1,StMarysChurch/seq1/frame00109.png,10.811685,0.453037,54.589154,0.007926,0.005785,0.993777,-0.165233
StMarysChurch,train,seq4,StMarysChurch/seq4/frame00220.png,-11.263372,1.185163,52.402861,0.287775,-0.115003,-0.933664,0.179531
StMarysChurch,train,seq2,StMarysChurch/seq2/frame00043.png,38.015955,-1.3405280000000002,-8.392614,0.8406520000000001,-0.074977,0.53569,-0.026814
StMarysChurch,train,seq12,StMarysChurch/seq12/frame00068.png,-4.236742,0.885396,50.222422,0.233247,-0.075576,-0.958908,0.142771
StMarysChurch,train,seq2,StMarysChurch/seq2/frame00029.png,29.962268,-1.021207,-13.722197,0.957082,-0.116237,0.260541,0.050997
StMarysChurch,train,seq12,StMarysChurch/seq12/frame00140.png,-9.111919,0.8167800000000001,23.123087,0.8912190000000001,-0.106872,-0.439935,0.027646
StMarysChurch,train,seq4,StMarysChurch/seq4/frame00083.png,38.283177,-1.339157,1.154601,0.7035600000000001,-0.162977,0.655726,-0.220148
StMarysChurch,train,seq2,StMarysChurch/seq2/frame00012.png,17.853355,-0.619417,-16.841615,0.967942,-0.127268,0.200266,0.082369
StMarysChurch,train,seq12,StMarysChurch/seq12/frame00078.png,-7.765613,1.145329,53.51447,0.502249,-0.082755,-0.8587440000000001,0.058801
StMarysChurch,train,seq12,StMarysChurch/seq12/frame00044.png,8.69635,0.437192,53.002003,0.1675819999999999,-0.04427,-0.971498,0.16172
StMarysChurch,train,seq1,StMarysChurch/seq1/frame00135.png,-6.135454,0.973016,47.664047,0.382985,-0.095695,-0.914058,0.093096
StMarysChurch,train,seq7,StMarysChurch/seq7/frame00009.png,-11.034956,0.644275,-17.41692,0.913947,-0.103299,-0.388928,0.052589
StMarysChurch,train,seq12,StMarysChurch/seq12/frame00023.png,19.825283,0.1892,53.932237,0.359852,-0.042693,0.913465,-0.185117
StMarysChurch,train,seq2,StMarysChurch/seq2/frame00020.png,23.503258,-0.6256390000000001,-15.688116,0.955826,-0.141513,0.255988,0.029007
StMarysChurch,train,seq2,StMarysChurch/seq2/frame00317.png,2.826821,0.011339,-17.384192000000002,0.983759,-0.094407,-0.145847,0.04511
StMarysChurch,train,seq4,StMarysChurch/seq4/frame00253.png,-12.932847,0.954644,29.960604,0.391307,-0.094682,-0.888582,0.21986
StMarysChurch,train,seq1,StMarysChurch/seq1/frame00178.png,-7.579855,0.798118,16.227614000000006,0.608051,-0.096053,-0.785379,0.065027
StMarysChurch,train,seq4,StMarysChurch/seq4/frame00096.png,37.988014,-1.274068,10.492979,0.660412,-0.173947,0.70475,-0.192161
StMarysChurch,train,seq1,StMarysChurch/seq1/frame00159.png,-7.086129,0.7497590000000001,30.456562,0.577601,-0.090345,-0.80581,0.094272
StMarysChurch,train,seq4,StMarysChurch/seq4/frame00154.png,34.427412,-0.8449690000000001,51.637999,0.273093,-0.025958,0.943865,-0.184031
StMarysChurch,train,seq4,StMarysChurch/seq4/frame00266.png,-11.901977,0.80137,21.01822,0.428121,-0.148809,-0.8549829999999999,0.252136
StMarysChurch,train,seq1,StMarysChurch/seq1/frame00216.png,-0.019687,0.247113,-7.296416000000002,0.980883,-0.141968,-0.1327279999999999,0.009869
StMarysChurch,train,seq2,StMarysChurch/seq2/frame00047.png,38.584206,-1.40007,-5.852625,0.766026,-0.035945,0.6414489999999999,-0.021338
StMarysChurch,train,seq1,StMarysChurch/seq1/frame00134.png,-5.741181,0.91898,48.216377,0.377645,-0.099278,-0.916123,0.09083
StMarysChurch,train,seq12,StMarysChurch/seq12/frame00157.png,-9.422233,0.908615,13.009601,0.951117,-0.064718,-0.299383,0.039469
StMarysChurch,train,seq4,StMarysChurch/seq4/frame00296.png,-13.468001999999998,0.71545,0.417384,0.736355,-0.229545,-0.602853,0.204108
StMarysChurch,train,seq4,StMarysChurch/seq4/frame00025.png,8.006085,-0.37305,-17.872062,0.936409,-0.34962,-0.020917,0.021579
StMarysChurch,train,seq1,StMarysChurch/seq1/frame00214.png,-1.40849,0.292068,-6.995576,0.974815,-0.114066,-0.190375,0.021949
StMarysChurch,train,seq2,StMarysChurch/seq2/frame00022.png,25.010152,-0.8276180000000001,-15.274432,0.967218,-0.11023,0.227668,0.022531
StMarysChurch,train,seq2,StMarysChurch/seq2/frame00335.png,16.114953,-0.452877,-17.824742,0.983027,-0.132483,0.126338,-0.012053
StMarysChurch,train,seq1,StMarysChurch/seq1/frame00002.png,35.690844,-1.083719,-1.0246,0.814674,-0.042343,0.574802,-0.06416
StMarysChurch,train,seq4,StMarysChurch/seq4/frame00307.png,-12.655248,0.20947,-6.155599,0.791647,-0.300576,-0.501837,0.176378
StMarysChurch,train,seq4,StMarysChurch/seq4/frame00169.png,25.482746,-0.473001,56.813288,0.153699,-0.030951,0.962594,-0.220969
StMarysChurch,train,seq9,StMarysChurch/seq9/frame00003.png,-14.551629,0.828566,-17.220978,0.884724,-0.106677,-0.452589,0.032341
StMarysChurch,train,seq4,StMarysChurch/seq4/frame00084.png,38.171998,-1.425297,1.888485,0.693747,-0.180961,0.666723,-0.203591
StMarysChurch,train,seq1,StMarysChurch/seq1/frame00036.png,36.09929,-0.966888,21.342684,0.6911010000000001,-0.025988,0.7218140000000001,-0.026242
StMarysChurch,train,seq1,StMarysChurch/seq1/frame00083.png,29.370452,-0.486527,53.124021,0.23994,-0.045503,0.959817,-0.138249
StMarysChurch,train,seq4,StMarysChurch/seq4/frame00104.png,38.262484,-1.270538,16.383209,0.5909310000000001,-0.148625,0.761602,-0.220623
StMarysChurch,train,seq12,StMarysChurch/seq12/frame00052.png,3.4056550000000003,0.509205,52.903608,0.222477,-0.0754,-0.9672,0.096677
StMarysChurch,train,seq12,StMarysChurch/seq12/frame00069.png,-4.7472910000000015,0.976828,50.096132,0.223868,-0.059304,-0.964053,0.130259
StMarysChurch,train,seq12,StMarysChurch/seq12/frame00096.png,-13.033751,1.219677,45.787399,0.448023,-0.079689,-0.8866299999999999,0.082544
StMarysChurch,train,seq1,StMarysChurch/seq1/frame00048.png,36.476502,-1.159182,30.068686,0.627071,-0.046148,0.774072,-0.073925
StMarysChurch,train,seq1,StMarysChurch/seq1/frame00179.png,-7.553261,0.68457,15.636653,0.602124,-0.095047,-0.7908229999999999,0.054894
StMarysChurch,train,seq2,StMarysChurch/seq2/frame00044.png,38.399265,-1.371444,-7.819807000000001,0.833888,-0.058594,0.548633,-0.014135
StMarysChurch,train,seq12,StMarysChurch/seq12/frame00004.png,28.808236,-0.390273,57.771658,0.371557,-0.005876,0.926126,-0.064816
StMarysChurch,train,seq1,StMarysChurch/seq1/frame00111.png,9.243733,0.508424,54.51789300000001,0.06106,-0.035126,-0.984311,0.162453
StMarysChurch,train,seq4,StMarysChurch/seq4/frame00173.png,22.537125,-0.317555,57.428246,0.152796,0.006263,0.958754,-0.239601
StMarysChurch,train,seq4,StMarysChurch/seq4/frame00228.png,-13.758065,1.240118,47.133028,0.355651,-0.114191,-0.913077,0.163597
StMarysChurch,train,seq12,StMarysChurch/seq12/frame00049.png,5.2556980000000015,0.6117640000000001,53.154737,0.1531,-0.08459,-0.948724,0.263403
StMarysChurch,train,seq7,StMarysChurch/seq7/frame00058.png,-16.136072,1.006522,-1.409545,0.751296,-0.102168,-0.6486,0.066594
StMarysChurch,train,seq8,StMarysChurch/seq8/frame00005.png,-8.553902,0.609651,-13.349713,0.825937,-0.244621,-0.49608,0.109054
StMarysChurch,train,seq7,StMarysChurch/seq7/frame00077.png,-6.256484,0.334055,-11.096221,0.8981370000000001,-0.232464,-0.360036,0.09841
StMarysChurch,train,seq4,StMarysChurch/seq4/frame00165.png,28.465301,-0.461611,56.38907,0.21368,-0.047434,0.952308,-0.212608
StMarysChurch,train,seq4,StMarysChurch/seq4/frame00023.png,6.563584,-0.043281,-17.725702,0.929756,-0.357839,-0.0759529999999999,0.041673
StMarysChurch,train,seq4,StMarysChurch/seq4/frame00153.png,34.721388,-0.813088,50.854036,0.242078,-0.018397,0.957292,-0.1570069999999999
StMarysChurch,train,seq4,StMarysChurch/seq4/frame00297.png,-13.464744,0.671702,0.037276,0.744152,-0.256331,-0.5880569999999999,0.186341
StMarysChurch,train,seq2,StMarysChurch/seq2/frame00333.png,14.735792000000002,-0.502442,-17.796104999999994,0.986549,-0.154574,0.053025,0.004037
StMarysChurch,train,seq2,StMarysChurch/seq2/frame00092.png,38.790951,-1.310581,25.796311,0.716712,-0.10856,0.688789,-0.010434
StMarysChurch,train,seq4,StMarysChurch/seq4/frame00138.png,36.436776,-0.898332,40.553114,0.343364,-0.027161,0.912785,-0.219517
StMarysChurch,train,seq4,StMarysChurch/seq4/frame00049.png,25.207909,-0.998824,-15.082256,0.931569,-0.282995,0.223524,-0.046164
StMarysChurch,train,seq4,StMarysChurch/seq4/frame00262.png,-12.35426,0.900077,23.72513,0.4179600000000001,-0.133704,-0.861244,0.256306
StMarysChurch,train,seq2,StMarysChurch/seq2/frame00017.png,21.324348,-0.696654,-15.69081,0.974776,-0.136525,0.157797,0.079204
StMarysChurch,train,seq4,StMarysChurch/seq4/frame00080.png,38.763504,-1.32976,-0.983554,0.678164,-0.173372,0.681351,-0.214002
StMarysChurch,train,seq1,StMarysChurch/seq1/frame00110.png,9.953408,0.499403,54.56848100000001,0.078232,-0.005318,-0.984867,0.154926
StMarysChurch,train,seq12,StMarysChurch/seq12/frame00076.png,-7.2089089999999985,1.11589,52.332554,0.419549,-0.080969,-0.9006200000000001,0.079429
StMarysChurch,train,seq4,StMarysChurch/seq4/frame00269.png,-11.993847,0.6582939999999999,19.049936,0.461268,-0.201048,-0.820549,0.27113
StMarysChurch,train,seq1,StMarysChurch/seq1/frame00023.png,35.855017,-1.138308,12.256158,0.730178,-0.040053,0.681489,-0.028455
StMarysChurch,train,seq4,StMarysChurch/seq4/frame00294.png,-13.127191,0.645967,1.390003,0.7065100000000001,-0.20684,-0.6411720000000001,0.216703
StMarysChurch,train,seq4,StMarysChurch/seq4/frame00174.png,21.780715,-0.348298,57.559684,0.119129,-0.001663,0.967073,-0.224981
StMarysChurch,train,seq1,StMarysChurch/seq1/frame00066.png,36.554322,-1.016519,43.248805,0.461292,-0.053114,0.8787860000000001,-0.110104
StMarysChurch,train,seq1,StMarysChurch/seq1/frame00100.png,17.242693,0.115301,54.719607,0.143496,-0.010767,0.971014,-0.190897
StMarysChurch,train,seq2,StMarysChurch/seq2/frame00093.png,38.659257,-1.43601,26.593929,0.7258319999999999,-0.123342,0.676658,-0.009425
StMarysChurch,train,seq2,StMarysChurch/seq2/frame00057.png,38.478991,-1.318095,0.773073,0.750009,-0.089622,0.6526609999999999,-0.059055
StMarysChurch,train,seq12,StMarysChurch/seq12/frame00113.png,-6.566592,0.934374,37.919467,0.287867,-0.087359,-0.947392,0.109324
StMarysChurch,train,seq1,StMarysChurch/seq1/frame00126.png,-1.043266,0.8083130000000001,51.63433300000001,0.153666,-0.069662,-0.976498,0.134147
StMarysChurch,train,seq7,StMarysChurch/seq7/frame00022.png,-8.808491,0.456675,-9.609379,0.863072,-0.124367,-0.485842,0.059984
StMarysChurch,train,seq7,StMarysChurch/seq7/frame00042.png,-17.596684,0.994967,-9.267349,0.804384,-0.165065,-0.56155,0.101891
StMarysChurch,train,seq2,StMarysChurch/seq2/frame00033.png,32.847590000000004,-1.147817,-13.02076,0.938802,-0.105313,0.327831,0.009365
StMarysChurch,train,seq2,StMarysChurch/seq2/frame00213.png,-13.918777,1.408591,44.749797,0.511845,-0.073895,-0.846535,0.126225
StMarysChurch,train,seq2,StMarysChurch/seq2/frame00295.png,-12.139248,0.7062579999999999,-13.664491,0.929458,-0.150007,-0.335543,0.031883
StMarysChurch,train,seq4,StMarysChurch/seq4/frame00126.png,37.745491,-1.253308,32.017154999999995,0.428892,-0.036414,0.8817790000000001,-0.192848
StMarysChurch,train,seq2,StMarysChurch/seq2/frame00169.png,11.084223,0.153417,57.424764,0.080188,-0.068967,0.983064,-0.149939
StMarysChurch,train,seq12,StMarysChurch/seq12/frame00048.png,5.838522,0.551959,53.4993,0.196983,-0.079171,-0.939536,0.268741
StMarysChurch,train,seq2,StMarysChurch/seq2/frame00346.png,22.95296,-0.782533,-16.44215,0.975385,-0.171951,0.13713,0.015898
StMarysChurch,train,seq11,StMarysChurch/seq11/frame00007.png,38.621185,-0.8413719999999999,53.573171,0.342277,0.009627,0.931836,-0.120155
StMarysChurch,train,seq12,StMarysChurch/seq12/frame00043.png,9.270382,0.24056,52.744659,0.1327539999999999,-0.031497,-0.981391,0.135296
StMarysChurch,train,seq2,StMarysChurch/seq2/frame00005.png,13.203245,-0.267959,-17.57364,0.987005,-0.1304,0.090716,0.02427
StMarysChurch,train,seq2,StMarysChurch/seq2/frame00053.png,38.134478,-1.238998,-1.92643,0.679085,-0.05175,0.730896,-0.044236
StMarysChurch,train,seq7,StMarysChurch/seq7/frame00046.png,-18.651796,1.02601,-6.572602000000002,0.82365,-0.130108,-0.543415,0.096816
StMarysChurch,train,seq4,StMarysChurch/seq4/frame00309.png,-12.440013,0.540225,-7.626957000000001,0.822217,-0.315276,-0.440813,0.1739109999999999
StMarysChurch,train,seq1,StMarysChurch/seq1/frame00091.png,23.768765,-0.186869,54.398511,0.281389,-0.02269,0.94847,-0.143921
StMarysChurch,train,seq1,StMarysChurch/seq1/frame00085.png,27.915199,-0.306702,53.680165,0.187441,-0.033257,0.969761,-0.152766
StMarysChurch,train,seq1,StMarysChurch/seq1/frame00195.png,-8.172374000000001,0.614546,3.790418,0.730675,-0.090217,-0.6739729999999999,0.061128
StMarysChurch,train,seq8,StMarysChurch/seq8/frame00002.png,-7.976288,0.369049,-13.963432999999998,0.8370790000000001,-0.1635319999999999,-0.514971,0.085794
StMarysChurch,train,seq2,StMarysChurch/seq2/frame00197.png,-7.934558,1.139122,53.85726800000001,0.360788,-0.08765,-0.922449,0.106024
StMarysChurch,train,seq1,StMarysChurch/seq1/frame00056.png,36.45892,-1.082371,36.043019,0.6714180000000001,-0.080997,0.730053,-0.098286
StMarysChurch,train,seq4,StMarysChurch/seq4/frame00158.png,33.022542,-0.690823,54.216222,0.245698,-0.052928,0.952663,-0.171066
StMarysChurch,train,seq4,StMarysChurch/seq4/frame00176.png,20.152395,-0.039919,57.690522,0.132405,-0.038142,0.967219,-0.21341
StMarysChurch,train,seq8,StMarysChurch/seq8/frame00008.png,-10.549751,0.650328,-12.712685,0.845139,-0.32114,-0.400518,0.148977
StMarysChurch,train,seq1,StMarysChurch/seq1/frame00209.png,-4.542026,0.357784,-5.370769,0.93279,-0.103252,-0.345252,0.006619
StMarysChurch,train,seq1,StMarysChurch/seq1/frame00092.png,23.085484,-0.13619,54.481242,0.292366,-0.029718,0.943847,-0.150976
StMarysChurch,train,seq2,StMarysChurch/seq2/frame00301.png,-8.560497999999999,0.6565979999999999,-15.828960999999998,0.913301,-0.098517,-0.394709,0.019502
StMarysChurch,train,seq2,StMarysChurch/seq2/frame00123.png,37.249899,-0.9557,48.576143,0.514679,-0.070226,0.8536309999999999,-0.038569
StMarysChurch,train,seq2,StMarysChurch/seq2/frame00275.png,-13.499076,0.777738,1.497566,0.75977,-0.101917,-0.613451,0.189846
StMarysChurch,train,seq2,StMarysChurch/seq2/frame00256.png,-13.271937,0.823843,14.15656,0.6271100000000001,-0.104038,-0.763109,0.116509
StMarysChurch,train,seq1,StMarysChurch/seq1/frame00041.png,36.308674,-1.000146,25.029299,0.699932,-0.053884,0.7107439999999999,-0.045119
StMarysChurch,train,seq4,StMarysChurch/seq4/frame00113.png,38.324875,-1.312029,22.711369,0.539175,-0.114648,0.814025,-0.183054
StMarysChurch,train,seq2,StMarysChurch/seq2/frame00096.png,38.471593,-1.481078,28.827165,0.703715,-0.112416,0.701472,-0.009202
StMarysChurch,train,seq1,StMarysChurch/seq1/frame00160.png,-7.089236,0.934514,29.676178000000004,0.567728,-0.112306,-0.808317,0.108163
StMarysChurch,train,seq12,StMarysChurch/seq12/frame00003.png,29.00091500000001,-0.4107770000000001,57.663726,0.367913,-0.002151,0.927411,-0.067447
StMarysChurch,train,seq1,StMarysChurch/seq1/frame00199.png,-7.834428999999999,0.564332,0.986828,0.779242,-0.090469,-0.6166189999999999,0.066175
StMarysChurch,train,seq7,StMarysChurch/seq7/frame00063.png,-13.595021,0.820736,-3.741522,0.8268479999999999,-0.094356,-0.5524560000000001,0.047045
StMarysChurch,train,seq1,StMarysChurch/seq1/frame00177.png,-7.43422,0.746154,17.030960999999998,0.60661,-0.098813,-0.7850159999999999,0.077521
StMarysChurch,train,seq2,StMarysChurch/seq2/frame00015.png,19.793356,-0.575982,-16.117835,0.972571,-0.156326,0.154118,0.076915
StMarysChurch,train,seq2,StMarysChurch/seq2/frame00144.png,27.625128000000004,-0.409982,57.990375,0.279742,0.005721,0.95015,-0.13759
StMarysChurch,train,seq1,StMarysChurch/seq1/frame00006.png,35.879482,-1.102211,0.5962109999999999,0.814597,-0.056432,0.574307,-0.058466
StMarysChurch,train,seq1,StMarysChurch/seq1/frame00115.png,6.495402,0.715499,53.854503,0.116637,-0.037355,-0.976105,0.179556
StMarysChurch,train,seq12,StMarysChurch/seq12/frame00098.png,-13.263015,1.294123,44.599023,0.333194,-0.068294,-0.935873,0.091981
StMarysChurch,train,seq12,StMarysChurch/seq12/frame00182.png,-12.529366,1.060385,1.1071540000000002,0.847562,-0.13722,-0.5046,0.090495
StMarysChurch,train,seq1,StMarysChurch/seq1/frame00207.png,-5.59786,0.377927,-4.357112,0.894697,-0.138541,-0.423217,0.034802
StMarysChurch,train,seq1,StMarysChurch/seq1/frame00033.png,36.128221,-1.23806,19.306237,0.702767,-0.055008,0.708914,-0.023102
StMarysChurch,train,seq2,StMarysChurch/seq2/frame00268.png,-13.019505,0.86626,5.379349,0.7000390000000001,-0.10548,-0.700563,0.08962
StMarysChurch,train,seq12,StMarysChurch/seq12/frame00080.png,-8.224449,1.170197,54.099132,0.46355,-0.085,-0.8760030000000001,0.102556
StMarysChurch,train,seq1,StMarysChurch/seq1/frame00210.png,-3.9667,0.334738,-5.786493,0.956611,-0.094433,-0.275627,0.002849
StMarysChurch,train,seq7,StMarysChurch/seq7/frame00045.png,-18.475567,0.917355,-7.150086999999999,0.789222,-0.162054,-0.581354,0.113556
StMarysChurch,train,seq2,StMarysChurch/seq2/frame00232.png,-14.073745,1.079565,30.959942,0.415033,-0.103609,-0.8933549999999999,0.137597
StMarysChurch,train,seq4,StMarysChurch/seq4/frame00328.png,-4.355733,0.139797,-16.618126999999998,0.912543,-0.364479,-0.181499,0.038461
StMarysChurch,train,seq4,StMarysChurch/seq4/frame00007.png,-5.271907,0.063636,-15.748353,0.914425,-0.367314,-0.157439,0.06419
StMarysChurch,train,seq4,StMarysChurch/seq4/frame00111.png,38.245892,-1.2834020000000002,21.402305,0.5655,-0.12611,0.79869,-0.162481
StMarysChurch,train,seq4,StMarysChurch/seq4/frame00259.png,-12.75984,0.906961,25.605881,0.41125,-0.132432,-0.869101,0.24083
StMarysChurch,train,seq2,StMarysChurch/seq2/frame00255.png,-13.281416,0.785486,14.954659,0.6129640000000001,-0.101294,-0.77613,0.10788
StMarysChurch,train,seq4,StMarysChurch/seq4/frame00168.png,26.237791,-0.414798,56.654048,0.194263,-0.045668,0.959255,-0.200008
StMarysChurch,train,seq12,StMarysChurch/seq12/frame00018.png,20.346562,0.020351,57.08799499999999,0.304585,0.033759,0.949834,-0.062549
StMarysChurch,train,seq4,StMarysChurch/seq4/frame00044.png,21.738247,-0.802561,-15.003727,0.915439,-0.343361,0.19973,-0.064675
StMarysChurch,train,seq2,StMarysChurch/seq2/frame00318.png,3.606125,-0.105637,-17.522785,0.982228,-0.105454,-0.152465,0.029373
StMarysChurch,train,seq7,StMarysChurch/seq7/frame00049.png,-18.902309,0.995209,-4.678332,0.80743,-0.113322,-0.574988,0.067852
StMarysChurch,train,seq8,StMarysChurch/seq8/frame00007.png,-9.83116,0.394973,-13.066487,0.8506790000000001,-0.284686,-0.416523,0.147676
StMarysChurch,train,seq4,StMarysChurch/seq4/frame00325.png,-6.285232,0.382759,-15.678571,0.903289,-0.355333,-0.231914,0.063432
StMarysChurch,train,seq12,StMarysChurch/seq12/frame00172.png,-10.847175,0.820533,5.7900550000000015,0.6879350000000001,-0.220409,-0.656199,0.218103
StMarysChurch,train,seq4,StMarysChurch/seq4/frame00252.png,-12.948995,1.058306,30.63015900000001,0.363174,-0.111621,-0.8977219999999999,0.223028
StMarysChurch,train,seq4,StMarysChurch/seq4/frame00199.png,3.154083,0.71075,55.999641,0.122094,-0.041222,-0.960591,0.246294
StMarysChurch,train,seq1,StMarysChurch/seq1/frame00198.png,-7.777027,0.709072,1.693914,0.772109,-0.102491,-0.624162,0.061367
StMarysChurch,train,seq2,StMarysChurch/seq2/frame00316.png,2.287935,0.093202,-17.264975,0.979109,-0.088706,-0.172878,0.059919
StMarysChurch,train,seq12,StMarysChurch/seq12/frame00183.png,-12.369228,0.983288,0.525629,0.857924,-0.157468,-0.480637,0.090323
StMarysChurch,train,seq2,StMarysChurch/seq2/frame00141.png,29.35646,-0.541872,57.477755,0.267741,-0.011138,0.953807,-0.135816
StMarysChurch,train,seq4,StMarysChurch/seq4/frame00159.png,32.387402,-0.68209,54.760426,0.254343,-0.035037,0.945847,-0.198629
StMarysChurch,train,seq12,StMarysChurch/seq12/frame00063.png,-1.396149,0.816554,51.618947,0.241398,-0.03497,-0.957396,0.154586
StMarysChurch,train,seq2,StMarysChurch/seq2/frame00281.png,-14.473488,0.680255,-3.193446,0.73953,-0.143508,-0.6404880000000001,0.149254
StMarysChurch,train,seq1,StMarysChurch/seq1/frame00081.png,30.609877,-0.579014,52.183919,0.25248,-0.024501,0.959286,-0.124219
StMarysChurch,train,seq12,StMarysChurch/seq12/frame00010.png,25.168282,-0.347787,58.117102,0.221302,-0.002682,0.950464,-0.218279
StMarysChurch,train,seq4,StMarysChurch/seq4/frame00211.png,-5.702942,0.968759,55.427881000000006,0.253831,-0.097413,-0.93904,0.210449
StMarysChurch,train,seq12,StMarysChurch/seq12/frame00132.png,-9.359784,1.005156,28.23398,0.37239,-0.099661,-0.917081,0.101782
StMarysChurch,train,seq2,StMarysChurch/seq2/frame00251.png,-13.579519,0.885631,17.664785000000006,0.532725,-0.116166,-0.829997,0.117538
StMarysChurch,train,seq12,StMarysChurch/seq12/frame00039.png,12.27569,0.410531,51.853557,0.09828,-0.032087,-0.978236,0.180074
StMarysChurch,train,seq2,StMarysChurch/seq2/frame00293.png,-12.873324,0.673608,-12.365968,0.931735,-0.12708,-0.337916,0.039165
StMarysChurch,train,seq4,StMarysChurch/seq4/frame00308.png,-12.614679,0.470126,-6.869799,0.8191970000000001,-0.303876,-0.448008,0.189378
StMarysChurch,train,seq2,StMarysChurch/seq2/frame00151.png,23.434914000000006,-0.162897,58.644595,0.063691,0.00745,0.993265,-0.096286
StMarysChurch,train,seq1,StMarysChurch/seq1/frame00057.png,36.563751,-1.0224,36.782269,0.6459600000000001,-0.068839,0.755352,-0.086259
StMarysChurch,train,seq12,StMarysChurch/seq12/frame00014.png,22.523142,-0.179594,58.333107,0.338684,0.037584,0.938333,-0.058446
StMarysChurch,train,seq12,StMarysChurch/seq12/frame00082.png,-8.772442999999999,1.172767,53.643334,0.317584,-0.060152,-0.940287,0.106697
StMarysChurch,train,seq12,StMarysChurch/seq12/frame00139.png,-9.422821,0.5596399999999999,23.781271,0.8241040000000001,-0.117731,-0.552845,0.036817
StMarysChurch,train,seq2,StMarysChurch/seq2/frame00122.png,37.497491,-0.994122,47.759381,0.5341819999999999,-0.068235,0.842242,-0.024954
StMarysChurch,train,seq2,StMarysChurch/seq2/frame00299.png,-9.95581,0.640576,-15.524142,0.931186,-0.122548,-0.340981,0.040085
StMarysChurch,train,seq4,StMarysChurch/seq4/frame00250.png,-12.750457,0.992279,32.054624,0.357181,-0.134528,-0.890493,0.247683
StMarysChurch,train,seq7,StMarysChurch/seq7/frame00012.png,-9.998487,0.722492,-16.100118,0.919077,-0.087977,-0.38143,0.045483
StMarysChurch,train,seq4,StMarysChurch/seq4/frame00273.png,-12.508433,0.790849,16.391386999999998,0.552605,-0.219149,-0.754265,0.278722
StMarysChurch,train,seq4,StMarysChurch/seq4/frame00277.png,-13.058797,0.681914,13.407611,0.572883,-0.229384,-0.741847,0.262395
